<?xml version = '1.0' encoding = 'UTF-8'?>
<Table class="oracle.dbtools.crest.model.design.relational.Table" directorySegmentName="seg_0" id="06FA3CBA-68FE-1F7C-EFF0-F810191BD33E" name="FEEDBACK">
<createdBy>IoanC</createdBy>
<createdTime>2023-11-15 18:31:39 UTC</createdTime>
<generatorID>66885B21-ED8C-ED66-383C-FF416F8926FA</generatorID>
<ownerDesignName>bdp</ownerDesignName>
<allowColumnReorder>false</allowColumnReorder>
<existDependencyGenerateInDDl>true</existDependencyGenerateInDDl>
<parsed>true</parsed>
<columns itemClass="oracle.dbtools.crest.model.design.relational.Column">
<Column name="ID_POST" id="E2A01AC6-AD5D-BAA8-3586-39B9F76CB1BE">
<createdBy>IoanC</createdBy>
<createdTime>2023-11-15 18:31:39 UTC</createdTime>
<generatorID>D7C71279-BF7D-CED1-CBD8-CCF2B4204B28</generatorID>
<ownerDesignName>bdp</ownerDesignName>
<useDomainConstraints>false</useDomainConstraints>
<use>1</use>
<logicalDatatype>LOGDT019</logicalDatatype>
<dataTypePrecision>4</dataTypePrecision>
<ownDataTypeParameters>,4,</ownDataTypeParameters>
<previousColumn>false</previousColumn>
<autoIncrementCycle>false</autoIncrementCycle>
<associations>
<colAssociation fkAssociation="50B08953-BA80-DB50-3C20-08D6893C9386" referredColumn="D4D3321F-E2E0-65CC-BADC-6422183A17F8"/>
</associations>
</Column>
<Column name="ID_USER" id="61AC177C-2FD9-1979-20E3-A591C997AD4F">
<createdBy>IoanC</createdBy>
<createdTime>2023-11-15 18:31:39 UTC</createdTime>
<generatorID>44E8298B-BFCD-B012-06B1-DB6622BC5642</generatorID>
<ownerDesignName>bdp</ownerDesignName>
<useDomainConstraints>false</useDomainConstraints>
<use>1</use>
<logicalDatatype>LOGDT019</logicalDatatype>
<dataTypePrecision>4</dataTypePrecision>
<ownDataTypeParameters>,4,</ownDataTypeParameters>
<previousColumn>false</previousColumn>
<autoIncrementCycle>false</autoIncrementCycle>
<associations>
<colAssociation fkAssociation="997C6776-010D-3147-11C0-2F253C9286DA" referredColumn="22A4DAF5-A9D6-DABE-A359-3B216E45C747"/>
</associations>
</Column>
<Column name="TYPE" id="A5529C05-562B-BBD8-9599-43EE80D0A307">
<createdBy>IoanC</createdBy>
<createdTime>2023-11-15 18:31:39 UTC</createdTime>
<generatorID>45067BE6-E8DA-B39F-45B9-B9BE468F0E99</generatorID>
<ownerDesignName>bdp</ownerDesignName>
<constraintName>TYPE_VALIDATION</constraintName>
<useDomainConstraints>false</useDomainConstraints>
<use>1</use>
<logicalDatatype>LOGDT024</logicalDatatype>
<dataTypeSize>8</dataTypeSize>
<checkConstraint>
<implementationDef dbType="Generic Constraint" definition="REGEXP_LIKE(TYPE, &apos;^(positive|negative)$&apos;, &apos;i&apos;)"/>
</checkConstraint>
<ownDataTypeParameters>8,,</ownDataTypeParameters>
<autoIncrementCycle>false</autoIncrementCycle>
</Column>
<Column name="FEEDBACK_DATE" id="A6E23092-46E6-8010-5D1D-EE3B2685F7DF">
<createdBy>IoanC</createdBy>
<createdTime>2023-11-15 18:31:39 UTC</createdTime>
<generatorID>9284760B-F669-46E9-AA3E-D75F7D21B5B7</generatorID>
<ownerDesignName>bdp</ownerDesignName>
<useDomainConstraints>false</useDomainConstraints>
<use>1</use>
<logicalDatatype>LOGDT007</logicalDatatype>
<ownDataTypeParameters>,,</ownDataTypeParameters>
<autoIncrementCycle>false</autoIncrementCycle>
</Column>
</columns>
<indexes itemClass="oracle.dbtools.crest.model.design.relational.Index">
<ind_PK_UK id="2117D559-176E-E4FB-9EF7-D4B4CA657F04" name="ID_POST_ID_USER_FK">
<createdBy>IoanC</createdBy>
<createdTime>2023-11-15 18:31:39 UTC</createdTime>
<generatorID>5C5CDE59-96F1-FA0C-D792-7E081934ED51</generatorID>
<ownerDesignName>bdp</ownerDesignName>
<pk>true</pk>
<indexState>Primary Constraint</indexState>
<isSurrogateKey>false</isSurrogateKey>
<indexColumnUsage>
<colUsage columnID="E2A01AC6-AD5D-BAA8-3586-39B9F76CB1BE"/>
<colUsage columnID="61AC177C-2FD9-1979-20E3-A591C997AD4F"/>
</indexColumnUsage>
</ind_PK_UK>
<ind_PK_UK id="113C15CC-05B7-6C50-46E9-095A6C689D66" name="POST_FEEDBACK_FK">
<createdBy>IoanC</createdBy>
<createdTime>2023-11-15 18:31:39 UTC</createdTime>
<generatorID>D7FAD8DE-4583-2616-D6BC-DE24DDAC5EBA</generatorID>
<ownerDesignName>bdp</ownerDesignName>
<indexState>Foreign Key</indexState>
<isSurrogateKey>false</isSurrogateKey>
<indexColumnUsage>
<colUsage columnID="E2A01AC6-AD5D-BAA8-3586-39B9F76CB1BE"/>
</indexColumnUsage>
</ind_PK_UK>
<ind_PK_UK id="D09089F5-BB7A-01AF-042E-92DC648652CD" name="USER_FEEDBACK_FK">
<createdBy>IoanC</createdBy>
<createdTime>2023-11-15 18:31:39 UTC</createdTime>
<generatorID>BC866FC2-8AD1-9EDD-0515-CD9C24E3CBF2</generatorID>
<ownerDesignName>bdp</ownerDesignName>
<indexState>Foreign Key</indexState>
<isSurrogateKey>false</isSurrogateKey>
<indexColumnUsage>
<colUsage columnID="61AC177C-2FD9-1979-20E3-A591C997AD4F"/>
</indexColumnUsage>
</ind_PK_UK>
</indexes>
</Table>