<?xml version = '1.0' encoding = 'UTF-8'?>
<Table class="oracle.dbtools.crest.model.design.relational.Table" directorySegmentName="seg_0" id="1676A31E-35DF-EC06-AE43-DA9740E8ABD6" name="CATEGORY">
<createdBy>IoanC</createdBy>
<createdTime>2023-11-15 18:31:39 UTC</createdTime>
<generatorID>133E8B84-11D3-DCB3-4D98-DF5DF043C631</generatorID>
<ownerDesignName>bdp</ownerDesignName>
<allowColumnReorder>false</allowColumnReorder>
<existDependencyGenerateInDDl>true</existDependencyGenerateInDDl>
<parsed>true</parsed>
<columns itemClass="oracle.dbtools.crest.model.design.relational.Column">
<Column name="ID_CATEGORY" id="350794C5-92E0-A66C-B778-4D72064AB51E">
<createdBy>IoanC</createdBy>
<createdTime>2023-11-15 18:31:39 UTC</createdTime>
<generatorID>B75F20BB-29FF-DC17-4EFD-7726B5D234A2</generatorID>
<ownerDesignName>bdp</ownerDesignName>
<useDomainConstraints>false</useDomainConstraints>
<use>1</use>
<logicalDatatype>LOGDT019</logicalDatatype>
<dataTypePrecision>4</dataTypePrecision>
<ownDataTypeParameters>,4,</ownDataTypeParameters>
<autoIncrementColumn>true</autoIncrementColumn>
<identityColumn>true</identityColumn>
<autoIncrementCycle>false</autoIncrementCycle>
<autoIncrementGenerateTrigger>false</autoIncrementGenerateTrigger>
</Column>
<Column name="NAME" id="D7B214F3-A1E6-8FFF-36EC-80505F88177A">
<createdBy>IoanC</createdBy>
<createdTime>2023-11-15 18:31:39 UTC</createdTime>
<generatorID>5336B42C-49A1-83EE-A80C-2237677FB4FC</generatorID>
<ownerDesignName>bdp</ownerDesignName>
<constraintName>NAME_CHECK</constraintName>
<useDomainConstraints>false</useDomainConstraints>
<use>1</use>
<logicalDatatype>LOGDT024</logicalDatatype>
<dataTypeSize>100</dataTypeSize>
<checkConstraint>
<implementationDef dbType="Generic Constraint" definition="length(NAME) &gt;3"/>
</checkConstraint>
<ownDataTypeParameters>100,,</ownDataTypeParameters>
<autoIncrementCycle>false</autoIncrementCycle>
</Column>
</columns>
<indexes itemClass="oracle.dbtools.crest.model.design.relational.Index">
<ind_PK_UK id="0E785BA8-3EE2-61CF-56B4-6D525CC4D6F4" name="ID_CATEGORY_PK">
<createdBy>IoanC</createdBy>
<createdTime>2023-11-15 18:31:39 UTC</createdTime>
<generatorID>578E56AA-35EA-4689-F272-AA083AD13320</generatorID>
<ownerDesignName>bdp</ownerDesignName>
<pk>true</pk>
<indexState>Primary Constraint</indexState>
<isSurrogateKey>false</isSurrogateKey>
<indexColumnUsage>
<colUsage columnID="350794C5-92E0-A66C-B778-4D72064AB51E"/>
</indexColumnUsage>
</ind_PK_UK>
<ind_PK_UK id="9EE66F6A-42BB-B395-5467-A790DDD21100" name="NAME_UK">
<createdBy>IoanC</createdBy>
<createdTime>2023-11-15 18:31:39 UTC</createdTime>
<generatorID>EF4A8EB1-C6CF-F73C-AF0C-1106EC0EE9F1</generatorID>
<ownerDesignName>bdp</ownerDesignName>
<indexState>Unique Constraint</indexState>
<isSurrogateKey>false</isSurrogateKey>
<indexColumnUsage>
<colUsage columnID="D7B214F3-A1E6-8FFF-36EC-80505F88177A"/>
</indexColumnUsage>
</ind_PK_UK>
</indexes>
</Table>