<?xml version = '1.0' encoding = 'UTF-8'?>
<Table class="oracle.dbtools.crest.model.design.relational.Table" directorySegmentName="seg_0" id="20813DF1-5D63-F6C6-34C5-E0810FF1773B" name="COMMENT">
<createdBy>IoanC</createdBy>
<createdTime>2023-11-15 18:31:39 UTC</createdTime>
<generatorID>D17C6D34-8A1A-0F3B-BD17-6FB4A7F1D867</generatorID>
<ownerDesignName>bdp</ownerDesignName>
<allowColumnReorder>false</allowColumnReorder>
<existDependencyGenerateInDDl>true</existDependencyGenerateInDDl>
<parsed>true</parsed>
<columns itemClass="oracle.dbtools.crest.model.design.relational.Column">
<Column name="ID_COMMENT" id="F8A989E7-5B25-A158-0B63-C86AE3A3F560">
<createdBy>IoanC</createdBy>
<createdTime>2023-11-15 18:31:39 UTC</createdTime>
<generatorID>B238DED7-B520-0C1E-9931-ABCC29C3A08E</generatorID>
<ownerDesignName>bdp</ownerDesignName>
<useDomainConstraints>false</useDomainConstraints>
<use>1</use>
<logicalDatatype>LOGDT019</logicalDatatype>
<dataTypePrecision>4</dataTypePrecision>
<ownDataTypeParameters>,4,</ownDataTypeParameters>
<autoIncrementColumn>true</autoIncrementColumn>
<identityColumn>true</identityColumn>
<autoIncrementCycle>false</autoIncrementCycle>
<autoIncrementGenerateTrigger>false</autoIncrementGenerateTrigger>
</Column>
<Column name="CONTENT" id="7CC90C01-BC90-0685-206D-FB2873E487D8">
<createdBy>IoanC</createdBy>
<createdTime>2023-11-15 18:31:39 UTC</createdTime>
<generatorID>1E69E265-EDF8-B9E2-71F7-8C31AA1FBDE4</generatorID>
<ownerDesignName>bdp</ownerDesignName>
<constraintName>CONTENT_VALIDATION</constraintName>
<useDomainConstraints>false</useDomainConstraints>
<use>1</use>
<logicalDatatype>LOGDT024</logicalDatatype>
<dataTypeSize>300</dataTypeSize>
<checkConstraint>
<implementationDef dbType="Generic Constraint" definition="length(CONTENT) &gt; 5"/>
</checkConstraint>
<ownDataTypeParameters>300,,</ownDataTypeParameters>
<autoIncrementCycle>false</autoIncrementCycle>
</Column>
<Column name="COMMENT_DATE" id="BA76075A-8561-0753-F44F-B7EF75303D41">
<createdBy>IoanC</createdBy>
<createdTime>2023-11-15 18:31:39 UTC</createdTime>
<generatorID>26FB8D59-4EE7-B11C-C912-745F3734D738</generatorID>
<ownerDesignName>bdp</ownerDesignName>
<useDomainConstraints>false</useDomainConstraints>
<use>1</use>
<logicalDatatype>LOGDT007</logicalDatatype>
<ownDataTypeParameters>,,</ownDataTypeParameters>
<autoIncrementCycle>false</autoIncrementCycle>
</Column>
<Column name="ID_POST" id="31243E62-76CC-8636-AEC3-2278C47AAA21">
<createdBy>IoanC</createdBy>
<createdTime>2023-11-15 18:31:39 UTC</createdTime>
<generatorID>F1F9C6C3-54E6-4FE0-13AB-D80147C4E824</generatorID>
<ownerDesignName>bdp</ownerDesignName>
<useDomainConstraints>false</useDomainConstraints>
<use>1</use>
<logicalDatatype>LOGDT019</logicalDatatype>
<dataTypePrecision>4</dataTypePrecision>
<ownDataTypeParameters>,4,</ownDataTypeParameters>
<previousColumn>false</previousColumn>
<autoIncrementCycle>false</autoIncrementCycle>
<associations>
<colAssociation fkAssociation="A1647976-DB5B-9D24-E63E-D6795C9D02FC" referredColumn="D4D3321F-E2E0-65CC-BADC-6422183A17F8"/>
</associations>
</Column>
<Column name="ID_USER" id="D54FD595-3AB7-EDBA-6D6E-BD5848F146D3">
<createdBy>IoanC</createdBy>
<createdTime>2023-11-15 18:31:39 UTC</createdTime>
<generatorID>EEDD0EAA-D111-5E21-188A-AF64234323B3</generatorID>
<ownerDesignName>bdp</ownerDesignName>
<useDomainConstraints>false</useDomainConstraints>
<use>1</use>
<logicalDatatype>LOGDT019</logicalDatatype>
<dataTypePrecision>4</dataTypePrecision>
<ownDataTypeParameters>,4,</ownDataTypeParameters>
<previousColumn>false</previousColumn>
<autoIncrementCycle>false</autoIncrementCycle>
<associations>
<colAssociation fkAssociation="943B7624-D0F9-0B71-4626-EF2943AFE366" referredColumn="22A4DAF5-A9D6-DABE-A359-3B216E45C747"/>
</associations>
</Column>
</columns>
<indexes itemClass="oracle.dbtools.crest.model.design.relational.Index">
<ind_PK_UK id="5C7B99B0-B391-E655-1D81-99C78A30E748" name="ID_COMMENT_PK">
<createdBy>IoanC</createdBy>
<createdTime>2023-11-15 18:31:39 UTC</createdTime>
<generatorID>250585E6-0FD2-BE0E-226E-E6F1789BAD2B</generatorID>
<ownerDesignName>bdp</ownerDesignName>
<pk>true</pk>
<indexState>Primary Constraint</indexState>
<isSurrogateKey>false</isSurrogateKey>
<indexColumnUsage>
<colUsage columnID="F8A989E7-5B25-A158-0B63-C86AE3A3F560"/>
</indexColumnUsage>
</ind_PK_UK>
<ind_PK_UK id="F7A94E1D-8EAA-9408-B522-2197DB026DE1" name="POST_COMMENT_FK">
<createdBy>IoanC</createdBy>
<createdTime>2023-11-15 18:31:39 UTC</createdTime>
<generatorID>36A50F2B-EC28-EB3D-1F40-5EC1092EAB89</generatorID>
<ownerDesignName>bdp</ownerDesignName>
<indexState>Foreign Key</indexState>
<isSurrogateKey>false</isSurrogateKey>
<indexColumnUsage>
<colUsage columnID="31243E62-76CC-8636-AEC3-2278C47AAA21"/>
</indexColumnUsage>
</ind_PK_UK>
<ind_PK_UK id="023EA473-F322-77C8-4980-FC1C9D8E57D5" name="USER_COMMENT_FK">
<createdBy>IoanC</createdBy>
<createdTime>2023-11-15 18:31:39 UTC</createdTime>
<generatorID>4B67074F-F906-00D0-BBD3-C7EB469FAC00</generatorID>
<ownerDesignName>bdp</ownerDesignName>
<indexState>Foreign Key</indexState>
<isSurrogateKey>false</isSurrogateKey>
<indexColumnUsage>
<colUsage columnID="D54FD595-3AB7-EDBA-6D6E-BD5848F146D3"/>
</indexColumnUsage>
</ind_PK_UK>
</indexes>
</Table>