<?xml version = '1.0' encoding = 'UTF-8'?>
<Table class="oracle.dbtools.crest.model.design.relational.Table" directorySegmentName="seg_0" id="896FD7ED-DFFD-A0D0-617E-33D1A9ECA04A" name="USER">
<createdBy>IoanC</createdBy>
<createdTime>2023-11-15 18:31:39 UTC</createdTime>
<generatorID>E6077431-6131-F4C1-30E4-0259B95F4341</generatorID>
<ownerDesignName>bdp</ownerDesignName>
<allowColumnReorder>false</allowColumnReorder>
<existDependencyGenerateInDDl>true</existDependencyGenerateInDDl>
<parsed>true</parsed>
<columns itemClass="oracle.dbtools.crest.model.design.relational.Column">
<Column name="ID_USER" id="22A4DAF5-A9D6-DABE-A359-3B216E45C747">
<createdBy>IoanC</createdBy>
<createdTime>2023-11-15 18:31:39 UTC</createdTime>
<generatorID>EEBFDF1D-5256-9C72-3279-C4D38EF74437</generatorID>
<ownerDesignName>bdp</ownerDesignName>
<useDomainConstraints>false</useDomainConstraints>
<use>1</use>
<logicalDatatype>LOGDT019</logicalDatatype>
<dataTypePrecision>4</dataTypePrecision>
<ownDataTypeParameters>,4,</ownDataTypeParameters>
<autoIncrementColumn>true</autoIncrementColumn>
<identityColumn>true</identityColumn>
<autoIncrementCycle>false</autoIncrementCycle>
<autoIncrementGenerateTrigger>false</autoIncrementGenerateTrigger>
</Column>
<Column name="NAME" id="F49D6387-C2B5-7C71-EC82-62DE9884E409">
<createdBy>IoanC</createdBy>
<createdTime>2023-11-15 18:31:39 UTC</createdTime>
<generatorID>67620D0C-55F1-0027-9461-60C008C7D0CB</generatorID>
<ownerDesignName>bdp</ownerDesignName>
<constraintName>NAME_VALIDATION</constraintName>
<useDomainConstraints>false</useDomainConstraints>
<use>1</use>
<logicalDatatype>LOGDT024</logicalDatatype>
<dataTypeSize>50</dataTypeSize>
<checkConstraint>
<implementationDef dbType="Generic Constraint" definition="length(name) &gt;3"/>
</checkConstraint>
<ownDataTypeParameters>50,,</ownDataTypeParameters>
<autoIncrementCycle>false</autoIncrementCycle>
</Column>
<Column name="PASSWORD" id="EF7C4FEE-AFAB-A3FB-7410-D221D210F84A">
<createdBy>IoanC</createdBy>
<createdTime>2023-11-15 18:31:39 UTC</createdTime>
<generatorID>D17DC301-FDE1-004D-D8B6-075FB17C288A</generatorID>
<ownerDesignName>bdp</ownerDesignName>
<constraintName>PASSWORD_VALIDATION</constraintName>
<useDomainConstraints>false</useDomainConstraints>
<use>1</use>
<logicalDatatype>LOGDT024</logicalDatatype>
<dataTypeSize>50</dataTypeSize>
<checkConstraint>
<implementationDef dbType="Generic Constraint" definition="length(PASSWORD) &gt; 4 and REGEXP_LIKE(PASSWORD, &apos;^(?=.*[a-z])(?=.*[A-Z])(?=.*!)[a-zA-Z!]+$ &apos;)"/>
</checkConstraint>
<ownDataTypeParameters>50,,</ownDataTypeParameters>
<autoIncrementCycle>false</autoIncrementCycle>
</Column>
<Column name="EMAIL" id="4702117B-2E9B-686A-B472-D8C869DD9787">
<createdBy>IoanC</createdBy>
<createdTime>2023-11-15 18:31:39 UTC</createdTime>
<generatorID>645286FB-7617-134E-B8A0-7FD7A18CA8B3</generatorID>
<ownerDesignName>bdp</ownerDesignName>
<constraintName>EMAIL_VALIDATION</constraintName>
<useDomainConstraints>false</useDomainConstraints>
<use>1</use>
<logicalDatatype>LOGDT024</logicalDatatype>
<dataTypeSize>50</dataTypeSize>
<checkConstraint>
<implementationDef dbType="Generic Constraint" definition="REGEXP_LIKE(EMAIL, &apos;[A-Za-z0-9._%-]+@[A-Za-z0-9._%-]+\.[A-Za-z]{2,4}&apos;, &apos;i&apos;) and length(EMAIL) &gt;2"/>
</checkConstraint>
<ownDataTypeParameters>50,,</ownDataTypeParameters>
<autoIncrementCycle>false</autoIncrementCycle>
</Column>
<Column name="REGISTER_DATE" id="8C49E984-D3A2-F825-52E4-E23426F90C90">
<createdBy>IoanC</createdBy>
<createdTime>2023-11-15 18:31:39 UTC</createdTime>
<generatorID>615F1FB9-0F68-8111-781C-EF13E1A2539B</generatorID>
<ownerDesignName>bdp</ownerDesignName>
<useDomainConstraints>false</useDomainConstraints>
<use>1</use>
<logicalDatatype>LOGDT007</logicalDatatype>
<ownDataTypeParameters>,,</ownDataTypeParameters>
<autoIncrementCycle>false</autoIncrementCycle>
</Column>
<Column name="LAST_LOGIN" id="BD06A977-F924-29B3-7113-B733910CCE8C">
<createdBy>IoanC</createdBy>
<createdTime>2023-11-15 18:31:39 UTC</createdTime>
<generatorID>90F67674-FB17-423B-1AEF-2CC1109C0F74</generatorID>
<ownerDesignName>bdp</ownerDesignName>
<useDomainConstraints>false</useDomainConstraints>
<use>1</use>
<logicalDatatype>LOGDT007</logicalDatatype>
<ownDataTypeParameters>,,</ownDataTypeParameters>
<autoIncrementCycle>false</autoIncrementCycle>
</Column>
</columns>
<indexes itemClass="oracle.dbtools.crest.model.design.relational.Index">
<ind_PK_UK id="D86F0B60-26A8-3378-1680-90FD284ED5F4" name="ID_USER_PK">
<createdBy>IoanC</createdBy>
<createdTime>2023-11-15 18:31:39 UTC</createdTime>
<generatorID>0664545C-3965-8C0A-C987-A53714C3E445</generatorID>
<ownerDesignName>bdp</ownerDesignName>
<pk>true</pk>
<indexState>Primary Constraint</indexState>
<isSurrogateKey>false</isSurrogateKey>
<indexColumnUsage>
<colUsage columnID="22A4DAF5-A9D6-DABE-A359-3B216E45C747"/>
</indexColumnUsage>
</ind_PK_UK>
<ind_PK_UK id="B47867E6-02F5-2B33-921F-2F97369866EF" name="EMAIL_UK">
<createdBy>IoanC</createdBy>
<createdTime>2023-11-15 18:31:39 UTC</createdTime>
<generatorID>34286C07-C5BE-2C41-103F-F67D4173AD2B</generatorID>
<ownerDesignName>bdp</ownerDesignName>
<indexState>Unique Constraint</indexState>
<isSurrogateKey>false</isSurrogateKey>
<indexColumnUsage>
<colUsage columnID="4702117B-2E9B-686A-B472-D8C869DD9787"/>
</indexColumnUsage>
</ind_PK_UK>
</indexes>
</Table>