<?xml version = '1.0' encoding = 'UTF-8'?>
<Table class="oracle.dbtools.crest.model.design.relational.Table" directorySegmentName="seg_0" id="A5096FFD-5BC7-3739-4A5E-9CDD0954CE5A" name="POST_TAGS">
<createdBy>IoanC</createdBy>
<createdTime>2023-11-15 18:31:39 UTC</createdTime>
<generatorID>E5E8E790-CA3E-6F77-A5E7-6AE3C50C60EE</generatorID>
<ownerDesignName>bdp</ownerDesignName>
<allowColumnReorder>false</allowColumnReorder>
<existDependencyGenerateInDDl>true</existDependencyGenerateInDDl>
<parsed>true</parsed>
<columns itemClass="oracle.dbtools.crest.model.design.relational.Column">
<Column name="ID_POST" id="72A56D65-1001-0EBC-4622-C27DA3F8B2D1">
<createdBy>IoanC</createdBy>
<createdTime>2023-11-15 18:31:39 UTC</createdTime>
<generatorID>17F0776D-2E92-B489-8090-5893C0F47154</generatorID>
<ownerDesignName>bdp</ownerDesignName>
<useDomainConstraints>false</useDomainConstraints>
<use>1</use>
<logicalDatatype>LOGDT019</logicalDatatype>
<dataTypePrecision>4</dataTypePrecision>
<ownDataTypeParameters>,4,</ownDataTypeParameters>
<previousColumn>false</previousColumn>
<autoIncrementCycle>false</autoIncrementCycle>
<associations>
<colAssociation fkAssociation="7343B40C-1953-8B73-35E8-295F6F286B1F" referredColumn="D4D3321F-E2E0-65CC-BADC-6422183A17F8"/>
</associations>
</Column>
<Column name="ID_TAG" id="1A5A7047-C909-6B1A-4AC5-DF6A019965E3">
<createdBy>IoanC</createdBy>
<createdTime>2023-11-15 18:31:39 UTC</createdTime>
<generatorID>D036CEB5-8AAA-E242-78EB-EA752255B059</generatorID>
<ownerDesignName>bdp</ownerDesignName>
<useDomainConstraints>false</useDomainConstraints>
<use>1</use>
<logicalDatatype>LOGDT019</logicalDatatype>
<dataTypePrecision>4</dataTypePrecision>
<ownDataTypeParameters>,4,</ownDataTypeParameters>
<previousColumn>false</previousColumn>
<autoIncrementCycle>false</autoIncrementCycle>
<associations>
<colAssociation fkAssociation="36A29145-1F4E-86C1-FC8E-D198FFE86247" referredColumn="5408706D-150F-4AE4-1EFA-68FCD1469404"/>
</associations>
</Column>
</columns>
<indexes itemClass="oracle.dbtools.crest.model.design.relational.Index">
<ind_PK_UK id="FA61E2AA-7E51-5624-8224-F93D412D7D8B" name="POST_TAGS_PK">
<createdBy>IoanC</createdBy>
<createdTime>2023-11-15 18:31:39 UTC</createdTime>
<generatorID>8B1AE46C-8BF2-D593-E72B-DBCC8F008F5C</generatorID>
<ownerDesignName>bdp</ownerDesignName>
<pk>true</pk>
<indexState>Primary Constraint</indexState>
<isSurrogateKey>false</isSurrogateKey>
<indexColumnUsage>
<colUsage columnID="72A56D65-1001-0EBC-4622-C27DA3F8B2D1"/>
<colUsage columnID="1A5A7047-C909-6B1A-4AC5-DF6A019965E3"/>
</indexColumnUsage>
</ind_PK_UK>
<ind_PK_UK id="F7393BED-3078-B9FB-EDE8-361041D22F29" name="POST_POST_TAGS">
<createdBy>IoanC</createdBy>
<createdTime>2023-11-15 18:31:39 UTC</createdTime>
<generatorID>008681B9-A251-EBEC-0C33-4202BED250F2</generatorID>
<ownerDesignName>bdp</ownerDesignName>
<indexState>Foreign Key</indexState>
<isSurrogateKey>false</isSurrogateKey>
<indexColumnUsage>
<colUsage columnID="72A56D65-1001-0EBC-4622-C27DA3F8B2D1"/>
</indexColumnUsage>
</ind_PK_UK>
<ind_PK_UK id="40604E90-BE7E-B196-4DCA-25607C92DD4B" name="TAGS_POST_TAGS">
<createdBy>IoanC</createdBy>
<createdTime>2023-11-15 18:31:39 UTC</createdTime>
<generatorID>67CD208F-0D6E-31EB-1773-47223252C15F</generatorID>
<ownerDesignName>bdp</ownerDesignName>
<indexState>Foreign Key</indexState>
<isSurrogateKey>false</isSurrogateKey>
<indexColumnUsage>
<colUsage columnID="1A5A7047-C909-6B1A-4AC5-DF6A019965E3"/>
</indexColumnUsage>
</ind_PK_UK>
</indexes>
</Table>