<?xml version = '1.0' encoding = 'UTF-8'?>
<Table class="oracle.dbtools.crest.model.design.relational.Table" directorySegmentName="seg_0" id="B355C1C7-6401-5F2D-B6AA-A2D47EB55443" name="POST">
<createdBy>IoanC</createdBy>
<createdTime>2023-11-15 18:31:39 UTC</createdTime>
<generatorID>53413DD9-2C58-9596-C4A1-A766298646C8</generatorID>
<ownerDesignName>bdp</ownerDesignName>
<allowColumnReorder>false</allowColumnReorder>
<existDependencyGenerateInDDl>true</existDependencyGenerateInDDl>
<parsed>true</parsed>
<columns itemClass="oracle.dbtools.crest.model.design.relational.Column">
<Column name="ID_POST" id="D4D3321F-E2E0-65CC-BADC-6422183A17F8">
<createdBy>IoanC</createdBy>
<createdTime>2023-11-15 18:31:39 UTC</createdTime>
<generatorID>8572FC57-8AFD-9B1E-8223-BBF49C7563E8</generatorID>
<ownerDesignName>bdp</ownerDesignName>
<useDomainConstraints>false</useDomainConstraints>
<use>1</use>
<logicalDatatype>LOGDT019</logicalDatatype>
<dataTypePrecision>4</dataTypePrecision>
<ownDataTypeParameters>,4,</ownDataTypeParameters>
<autoIncrementColumn>true</autoIncrementColumn>
<identityColumn>true</identityColumn>
<autoIncrementCycle>false</autoIncrementCycle>
<autoIncrementGenerateTrigger>false</autoIncrementGenerateTrigger>
</Column>
<Column name="TITLE" id="7F981B99-0998-2B55-E92A-9CD6B28A597D">
<createdBy>IoanC</createdBy>
<createdTime>2023-11-15 18:31:39 UTC</createdTime>
<generatorID>21EE2D77-6E43-C329-122E-ACE7CB834D61</generatorID>
<ownerDesignName>bdp</ownerDesignName>
<constraintName>TITLE_CHECK</constraintName>
<useDomainConstraints>false</useDomainConstraints>
<use>1</use>
<logicalDatatype>LOGDT024</logicalDatatype>
<dataTypeSize>100</dataTypeSize>
<checkConstraint>
<implementationDef dbType="Generic Constraint" definition="length(TITLE) &gt; 3"/>
</checkConstraint>
<ownDataTypeParameters>100,,</ownDataTypeParameters>
<autoIncrementCycle>false</autoIncrementCycle>
</Column>
<Column name="CONTENT" id="D521A521-A1FB-391B-401B-9BA2801AD361">
<createdBy>IoanC</createdBy>
<createdTime>2023-11-15 18:31:39 UTC</createdTime>
<generatorID>BD7A3E6D-B004-36D9-EBC1-2BAED4368DB8</generatorID>
<ownerDesignName>bdp</ownerDesignName>
<constraintName>CONTENT_CHECK</constraintName>
<useDomainConstraints>false</useDomainConstraints>
<use>1</use>
<logicalDatatype>LOGDT024</logicalDatatype>
<dataTypeSize>1000</dataTypeSize>
<checkConstraint>
<implementationDef dbType="Generic Constraint" definition="length(CONTENT) &gt; 10 "/>
</checkConstraint>
<ownDataTypeParameters>1000,,</ownDataTypeParameters>
<autoIncrementCycle>false</autoIncrementCycle>
</Column>
<Column name="POST_DATE" id="01FF2419-DEE5-78A8-9F7B-438324A129CD">
<createdBy>IoanC</createdBy>
<createdTime>2023-11-15 18:31:39 UTC</createdTime>
<generatorID>6590A606-6DCD-5447-5FF9-F237DF50396A</generatorID>
<ownerDesignName>bdp</ownerDesignName>
<useDomainConstraints>false</useDomainConstraints>
<use>1</use>
<logicalDatatype>LOGDT007</logicalDatatype>
<ownDataTypeParameters>,,</ownDataTypeParameters>
<autoIncrementCycle>false</autoIncrementCycle>
</Column>
<Column name="ID_USER" id="D91A0D6C-3EEB-60A7-1643-5FBB05124B50">
<createdBy>IoanC</createdBy>
<createdTime>2023-11-15 18:31:39 UTC</createdTime>
<generatorID>914A25E6-B9CA-C204-7A1B-25395F5D0BD4</generatorID>
<ownerDesignName>bdp</ownerDesignName>
<useDomainConstraints>false</useDomainConstraints>
<use>1</use>
<logicalDatatype>LOGDT019</logicalDatatype>
<dataTypePrecision>4</dataTypePrecision>
<ownDataTypeParameters>,4,</ownDataTypeParameters>
<previousColumn>false</previousColumn>
<autoIncrementCycle>false</autoIncrementCycle>
<associations>
<colAssociation fkAssociation="7CD3A6B4-E90B-35F0-E426-4DBDA92C195A" referredColumn="22A4DAF5-A9D6-DABE-A359-3B216E45C747"/>
</associations>
</Column>
<Column name="ID_CATEGORY" id="1288C3DF-1747-4290-6C7F-59C1E8A735A6">
<createdBy>IoanC</createdBy>
<createdTime>2023-11-15 18:31:39 UTC</createdTime>
<generatorID>F8742FCD-6787-60BA-81E8-6AD5A082B1D2</generatorID>
<ownerDesignName>bdp</ownerDesignName>
<useDomainConstraints>false</useDomainConstraints>
<use>1</use>
<logicalDatatype>LOGDT019</logicalDatatype>
<dataTypePrecision>4</dataTypePrecision>
<ownDataTypeParameters>,4,</ownDataTypeParameters>
<previousColumn>false</previousColumn>
<autoIncrementCycle>false</autoIncrementCycle>
<associations>
<colAssociation fkAssociation="DADA9C4F-A95B-D1C4-DB5A-CDAC9BE2919D" referredColumn="350794C5-92E0-A66C-B778-4D72064AB51E"/>
</associations>
</Column>
</columns>
<indexes itemClass="oracle.dbtools.crest.model.design.relational.Index">
<ind_PK_UK id="DB3CB5D6-C15C-7559-96D6-9B05C6EA3F5E" name="ID_POST_PK">
<createdBy>IoanC</createdBy>
<createdTime>2023-11-15 18:31:39 UTC</createdTime>
<generatorID>FD57BBD8-85F4-7103-7020-BA74AB863298</generatorID>
<ownerDesignName>bdp</ownerDesignName>
<pk>true</pk>
<indexState>Primary Constraint</indexState>
<isSurrogateKey>false</isSurrogateKey>
<indexColumnUsage>
<colUsage columnID="D4D3321F-E2E0-65CC-BADC-6422183A17F8"/>
</indexColumnUsage>
</ind_PK_UK>
<ind_PK_UK id="04A9084A-03D0-C62E-3D6D-B3444A01AB23" name="CATEGORY_POST_FK">
<createdBy>IoanC</createdBy>
<createdTime>2023-11-15 18:31:39 UTC</createdTime>
<generatorID>CC4150BA-DF92-E870-2572-3B9812B8B4F9</generatorID>
<ownerDesignName>bdp</ownerDesignName>
<indexState>Foreign Key</indexState>
<isSurrogateKey>false</isSurrogateKey>
<indexColumnUsage>
<colUsage columnID="1288C3DF-1747-4290-6C7F-59C1E8A735A6"/>
</indexColumnUsage>
</ind_PK_UK>
<ind_PK_UK id="E1C39F18-CA4A-5744-EF8F-E90FD94D0CB4" name="USER_POST_FK">
<createdBy>IoanC</createdBy>
<createdTime>2023-11-15 18:31:39 UTC</createdTime>
<generatorID>CAB8550E-AC35-26B5-C87B-B3C86227CABC</generatorID>
<ownerDesignName>bdp</ownerDesignName>
<indexState>Foreign Key</indexState>
<isSurrogateKey>false</isSurrogateKey>
<indexColumnUsage>
<colUsage columnID="D91A0D6C-3EEB-60A7-1643-5FBB05124B50"/>
</indexColumnUsage>
</ind_PK_UK>
</indexes>
</Table>