<?xml version = '1.0' encoding = 'UTF-8'?>
<Table class="oracle.dbtools.crest.model.design.relational.Table" directorySegmentName="seg_0" id="E015D702-20DC-E646-9472-7EE924F3AE64" name="PROFILE">
<createdBy>IoanC</createdBy>
<createdTime>2023-11-15 18:31:39 UTC</createdTime>
<generatorID>D90C57A9-4A6E-9B99-D28E-612E7DBE682C</generatorID>
<ownerDesignName>bdp</ownerDesignName>
<allowColumnReorder>false</allowColumnReorder>
<existDependencyGenerateInDDl>true</existDependencyGenerateInDDl>
<parsed>true</parsed>
<columns itemClass="oracle.dbtools.crest.model.design.relational.Column">
<Column name="ID_USER" id="2EC9CF55-6FF0-FF42-3FE8-A583C232A61E">
<createdBy>IoanC</createdBy>
<createdTime>2023-11-15 18:31:39 UTC</createdTime>
<generatorID>AFB0D908-FCAD-27E7-1E62-B650E710F5B7</generatorID>
<ownerDesignName>bdp</ownerDesignName>
<useDomainConstraints>false</useDomainConstraints>
<use>1</use>
<logicalDatatype>LOGDT019</logicalDatatype>
<dataTypePrecision>4</dataTypePrecision>
<ownDataTypeParameters>,,</ownDataTypeParameters>
<previousColumn>false</previousColumn>
<autoIncrementCycle>false</autoIncrementCycle>
<autoIncrementGenerateTrigger>false</autoIncrementGenerateTrigger>
<associations>
<colAssociation fkAssociation="1E0F74D1-FBA9-18DE-04D6-6957CEDCEEEA" referredColumn="22A4DAF5-A9D6-DABE-A359-3B216E45C747"/>
</associations>
</Column>
<Column name="PHONE_NUMBER" id="E3058E72-3299-F87E-4475-345F9DB562E2">
<createdBy>IoanC</createdBy>
<createdTime>2023-11-15 18:31:39 UTC</createdTime>
<generatorID>A9B48C26-5E5D-3720-6306-124BBF318E73</generatorID>
<ownerDesignName>bdp</ownerDesignName>
<constraintName>PHONE_VALIDATION</constraintName>
<useDomainConstraints>false</useDomainConstraints>
<use>1</use>
<logicalDatatype>LOGDT024</logicalDatatype>
<dataTypeSize>10</dataTypeSize>
<checkConstraint>
<implementationDef dbType="Generic Constraint" definition="REGEXP_LIKE(PHONE_NUMBER, &apos;^\d{10}$&apos;) and length(PHONE_NUMBER) &gt;= 3"/>
</checkConstraint>
<ownDataTypeParameters>10,,</ownDataTypeParameters>
<autoIncrementCycle>false</autoIncrementCycle>
</Column>
<Column name="HOBBIES" id="29A9F703-9237-E045-CA1E-DE87994D483D">
<createdBy>IoanC</createdBy>
<createdTime>2023-11-15 18:31:39 UTC</createdTime>
<generatorID>CF70495C-26B6-34E1-F507-1EC425E3C389</generatorID>
<ownerDesignName>bdp</ownerDesignName>
<nullsAllowed>true</nullsAllowed>
<useDomainConstraints>false</useDomainConstraints>
<use>1</use>
<logicalDatatype>LOGDT024</logicalDatatype>
<dataTypeSize>100</dataTypeSize>
<ownDataTypeParameters>100,,</ownDataTypeParameters>
<autoIncrementCycle>false</autoIncrementCycle>
</Column>
<Column name="DESCRIPTION" id="407CC5C1-C795-996D-415B-A5F35B4AA1B6">
<createdBy>IoanC</createdBy>
<createdTime>2023-11-15 18:31:39 UTC</createdTime>
<generatorID>7146BC65-5AE0-9D5E-8AEE-90C1AA19F975</generatorID>
<ownerDesignName>bdp</ownerDesignName>
<nullsAllowed>true</nullsAllowed>
<useDomainConstraints>false</useDomainConstraints>
<use>1</use>
<logicalDatatype>LOGDT024</logicalDatatype>
<dataTypeSize>100</dataTypeSize>
<ownDataTypeParameters>100,,</ownDataTypeParameters>
<autoIncrementCycle>false</autoIncrementCycle>
</Column>
<Column name="FACEBOOK" id="743D801A-F4E6-CC25-0A42-40D513F5C5C6">
<createdBy>IoanC</createdBy>
<createdTime>2023-11-15 18:31:39 UTC</createdTime>
<generatorID>64559974-A1D9-1153-F964-89885E09EDD3</generatorID>
<ownerDesignName>bdp</ownerDesignName>
<constraintName>FACEBOOK_VALIDATION</constraintName>
<nullsAllowed>true</nullsAllowed>
<useDomainConstraints>false</useDomainConstraints>
<use>1</use>
<logicalDatatype>LOGDT024</logicalDatatype>
<dataTypeSize>50</dataTypeSize>
<checkConstraint>
<implementationDef dbType="Generic Constraint" definition="REGEXP_LIKE(FACEBOOK, &apos;^https?://(www\.)?facebook\.com/(pages/[\w\-]+/|[\w\-]+)?$&apos;) and length(FACEBOOK) &gt; 8"/>
</checkConstraint>
<ownDataTypeParameters>50,,</ownDataTypeParameters>
<autoIncrementCycle>false</autoIncrementCycle>
</Column>
<Column name="LOCATION" id="32F3B01B-C5DB-0C9A-40E6-0724C6B9EE77">
<createdBy>IoanC</createdBy>
<createdTime>2023-11-15 18:31:39 UTC</createdTime>
<generatorID>19F302D2-4D0B-741F-411A-3E758E3BF2D3</generatorID>
<ownerDesignName>bdp</ownerDesignName>
<nullsAllowed>true</nullsAllowed>
<useDomainConstraints>false</useDomainConstraints>
<use>1</use>
<logicalDatatype>LOGDT024</logicalDatatype>
<dataTypeSize>80</dataTypeSize>
<ownDataTypeParameters>80,,</ownDataTypeParameters>
<autoIncrementCycle>false</autoIncrementCycle>
</Column>
</columns>
<indexes itemClass="oracle.dbtools.crest.model.design.relational.Index">
<ind_PK_UK id="31DAE56D-6E07-C946-9855-BD8038C55DE9" name="USER_ID_PK">
<createdBy>IoanC</createdBy>
<createdTime>2023-11-15 18:31:39 UTC</createdTime>
<generatorID>85F3DAE4-3756-3F6C-5F09-153B0A2FC451</generatorID>
<ownerDesignName>bdp</ownerDesignName>
<pk>true</pk>
<indexState>Primary Constraint</indexState>
<isSurrogateKey>false</isSurrogateKey>
<indexColumnUsage>
<colUsage columnID="2EC9CF55-6FF0-FF42-3FE8-A583C232A61E"/>
</indexColumnUsage>
</ind_PK_UK>
<ind_PK_UK id="2435296C-E736-E59A-23DF-F23A954C2CF2" name="FACEBOOK_UK">
<createdBy>IoanC</createdBy>
<createdTime>2023-11-15 18:31:39 UTC</createdTime>
<generatorID>4A92F56E-5D57-47C4-2FD7-C8B3909168B3</generatorID>
<ownerDesignName>bdp</ownerDesignName>
<indexState>Unique Constraint</indexState>
<isSurrogateKey>false</isSurrogateKey>
<indexColumnUsage>
<colUsage columnID="743D801A-F4E6-CC25-0A42-40D513F5C5C6"/>
</indexColumnUsage>
</ind_PK_UK>
<ind_PK_UK id="F6FECA73-3412-7240-72B1-538D7E7A9295" name="PHONE_NUMBER_UK">
<createdBy>IoanC</createdBy>
<createdTime>2023-11-15 18:31:39 UTC</createdTime>
<generatorID>1FD3507D-5AB3-57EE-90D0-146FB7CD9DB8</generatorID>
<ownerDesignName>bdp</ownerDesignName>
<indexState>Unique Constraint</indexState>
<isSurrogateKey>false</isSurrogateKey>
<indexColumnUsage>
<colUsage columnID="E3058E72-3299-F87E-4475-345F9DB562E2"/>
</indexColumnUsage>
</ind_PK_UK>
<ind_PK_UK id="2FADC2CA-4AB7-6514-0950-2132078A902F" name="USER_PROFILE_FK">
<createdBy>IoanC</createdBy>
<createdTime>2023-11-15 18:31:39 UTC</createdTime>
<generatorID>40053A63-3126-E608-7911-D9007D6A292B</generatorID>
<ownerDesignName>bdp</ownerDesignName>
<indexState>Foreign Key</indexState>
<isSurrogateKey>false</isSurrogateKey>
<indexColumnUsage>
<colUsage columnID="2EC9CF55-6FF0-FF42-3FE8-A583C232A61E"/>
</indexColumnUsage>
</ind_PK_UK>
</indexes>
</Table>