<?xml version = '1.0' encoding = 'UTF-8'?>
<Table class="oracle.dbtools.crest.model.design.relational.Table" directorySegmentName="seg_0" id="E1014074-79C1-2476-3C71-68C732792448" name="TAGS">
<createdBy>IoanC</createdBy>
<createdTime>2023-11-15 18:31:39 UTC</createdTime>
<generatorID>5B7A69BE-3336-3F9B-7B88-78B1C13EF816</generatorID>
<ownerDesignName>bdp</ownerDesignName>
<allowColumnReorder>false</allowColumnReorder>
<existDependencyGenerateInDDl>true</existDependencyGenerateInDDl>
<parsed>true</parsed>
<columns itemClass="oracle.dbtools.crest.model.design.relational.Column">
<Column name="ID_TAG" id="5408706D-150F-4AE4-1EFA-68FCD1469404">
<createdBy>IoanC</createdBy>
<createdTime>2023-11-15 18:31:39 UTC</createdTime>
<generatorID>AB5517FD-C89E-A333-EC50-30F07B3549DE</generatorID>
<ownerDesignName>bdp</ownerDesignName>
<useDomainConstraints>false</useDomainConstraints>
<use>1</use>
<logicalDatatype>LOGDT019</logicalDatatype>
<dataTypePrecision>4</dataTypePrecision>
<ownDataTypeParameters>,4,</ownDataTypeParameters>
<autoIncrementColumn>true</autoIncrementColumn>
<identityColumn>true</identityColumn>
<autoIncrementCycle>false</autoIncrementCycle>
<autoIncrementGenerateTrigger>false</autoIncrementGenerateTrigger>
</Column>
<Column name="NAME" id="24331189-EB30-39E7-A142-713343062D75">
<createdBy>IoanC</createdBy>
<createdTime>2023-11-15 18:31:39 UTC</createdTime>
<generatorID>5D7CCFEE-D153-8E47-2D24-887660E8659E</generatorID>
<ownerDesignName>bdp</ownerDesignName>
<constraintName>TAG_VALIDATION</constraintName>
<useDomainConstraints>false</useDomainConstraints>
<use>1</use>
<logicalDatatype>LOGDT024</logicalDatatype>
<dataTypeSize>50</dataTypeSize>
<checkConstraint>
<implementationDef dbType="Generic Constraint" definition="REGEXP_LIKE(NAME, &apos;^#.*&apos;, &apos;i&apos;) and length(NAME) &gt;2"/>
</checkConstraint>
<ownDataTypeParameters>50,,</ownDataTypeParameters>
<autoIncrementCycle>false</autoIncrementCycle>
</Column>
</columns>
<indexes itemClass="oracle.dbtools.crest.model.design.relational.Index">
<ind_PK_UK id="9DC78688-AB8D-7524-E583-0082EE3560F9" name="ID_TAG_PK">
<createdBy>IoanC</createdBy>
<createdTime>2023-11-15 18:31:39 UTC</createdTime>
<generatorID>AA7976BD-D913-F70C-81A1-CEBDA965B3CC</generatorID>
<ownerDesignName>bdp</ownerDesignName>
<pk>true</pk>
<indexState>Primary Constraint</indexState>
<isSurrogateKey>false</isSurrogateKey>
<indexColumnUsage>
<colUsage columnID="5408706D-150F-4AE4-1EFA-68FCD1469404"/>
</indexColumnUsage>
</ind_PK_UK>
<ind_PK_UK id="78416CD1-53FC-56D7-AB25-DCD98B037FE6" name="NAME_UKv1">
<createdBy>IoanC</createdBy>
<createdTime>2023-11-15 18:31:39 UTC</createdTime>
<generatorID>8FE83144-4238-B567-7075-C1C6F0B1A99D</generatorID>
<ownerDesignName>bdp</ownerDesignName>
<indexState>Unique Constraint</indexState>
<isSurrogateKey>false</isSurrogateKey>
<indexColumnUsage>
<colUsage columnID="24331189-EB30-39E7-A142-713343062D75"/>
</indexColumnUsage>
</ind_PK_UK>
</indexes>
</Table>