<?xml version = '1.0' encoding = 'UTF-8'?>
<Relation class="oracle.dbtools.crest.model.design.logical.Relation" name="POST_POST_TAGS" directorySegmentName="seg_0" id="008681B9-A251-EBEC-0C33-4202BED250F2">
<createdBy>IoanC</createdBy>
<createdTime>2023-11-10 10:48:32 UTC</createdTime>
<ownerDesignName>bdp</ownerDesignName>
<engineerTo>
<item key="1156503B-766E-8DFB-72A0-C38324AD2B68" value="true"/>
</engineerTo>
<sourcePk>FD57BBD8-85F4-7103-7020-BA74AB863298</sourcePk>
<identifying>false</identifying>
<optionalSource>true</optionalSource>
<optionalTarget>false</optionalTarget>
<sourceCardinality>1</sourceCardinality>
<sourceEntity>53413DD9-2C58-9596-C4A1-A766298646C8</sourceEntity>
<targetCardinalityString>*</targetCardinalityString>
<targetEntity>E5E8E790-CA3E-6F77-A5E7-6AE3C50C60EE</targetEntity>
<transferable>true</transferable>
<deleteRule>NO ACTION</deleteRule>
</Relation>