<?xml version = '1.0' encoding = 'UTF-8'?>
<Relation class="oracle.dbtools.crest.model.design.logical.Relation" name="POST_COMMENT_FK" directorySegmentName="seg_0" id="36A50F2B-EC28-EB3D-1F40-5EC1092EAB89">
<createdBy>IoanC</createdBy>
<createdTime>2023-11-10 10:45:18 UTC</createdTime>
<ownerDesignName>bdp</ownerDesignName>
<engineerTo>
<item key="1156503B-766E-8DFB-72A0-C38324AD2B68" value="true"/>
</engineerTo>
<sourcePk>FD57BBD8-85F4-7103-7020-BA74AB863298</sourcePk>
<identifying>false</identifying>
<nameOnSource>are mai multe </nameOnSource>
<nameOnTarget>sunt la o singura</nameOnTarget>
<optionalSource>true</optionalSource>
<optionalTarget>false</optionalTarget>
<sourceCardinality>1</sourceCardinality>
<sourceEntity>53413DD9-2C58-9596-C4A1-A766298646C8</sourceEntity>
<targetCardinalityString>*</targetCardinalityString>
<targetEntity>D17C6D34-8A1A-0F3B-BD17-6FB4A7F1D867</targetEntity>
<transferable>true</transferable>
<deleteRule>NO ACTION</deleteRule>
</Relation>