<?xml version = '1.0' encoding = 'UTF-8'?>
<Relation class="oracle.dbtools.crest.model.design.logical.Relation" name="USER_PROFILE_FK" directorySegmentName="seg_0" id="40053A63-3126-E608-7911-D9007D6A292B">
<createdBy>IoanC</createdBy>
<createdTime>2023-11-10 10:39:46 UTC</createdTime>
<ownerDesignName>bdp</ownerDesignName>
<engineerTo>
<item key="1156503B-766E-8DFB-72A0-C38324AD2B68" value="true"/>
</engineerTo>
<sourcePk>0664545C-3965-8C0A-C987-A53714C3E445</sourcePk>
<identifying>false</identifying>
<nameOnSource>are asociat un</nameOnSource>
<nameOnTarget>are asociat un</nameOnTarget>
<optionalSource>true</optionalSource>
<optionalTarget>false</optionalTarget>
<sourceCardinality>1</sourceCardinality>
<sourceEntity>E6077431-6131-F4C1-30E4-0259B95F4341</sourceEntity>
<targetCardinalityString>1</targetCardinalityString>
<targetEntity>D90C57A9-4A6E-9B99-D28E-612E7DBE682C</targetEntity>
<transferable>true</transferable>
<deleteRule>NO ACTION</deleteRule>
</Relation>