<?xml version = '1.0' encoding = 'UTF-8'?>
<Relation class="oracle.dbtools.crest.model.design.logical.Relation" name="USER_COMMENT_FK" directorySegmentName="seg_0" id="4B67074F-F906-00D0-BBD3-C7EB469FAC00">
<createdBy>IoanC</createdBy>
<createdTime>2023-11-10 10:47:43 UTC</createdTime>
<ownerDesignName>bdp</ownerDesignName>
<engineerTo>
<item key="1156503B-766E-8DFB-72A0-C38324AD2B68" value="true"/>
</engineerTo>
<sourcePk>0664545C-3965-8C0A-C987-A53714C3E445</sourcePk>
<identifying>false</identifying>
<nameOnSource>poate face</nameOnSource>
<nameOnTarget>este de la un</nameOnTarget>
<optionalSource>true</optionalSource>
<optionalTarget>false</optionalTarget>
<sourceCardinality>1</sourceCardinality>
<sourceEntity>E6077431-6131-F4C1-30E4-0259B95F4341</sourceEntity>
<targetCardinalityString>*</targetCardinalityString>
<targetEntity>D17C6D34-8A1A-0F3B-BD17-6FB4A7F1D867</targetEntity>
<transferable>true</transferable>
<deleteRule>NO ACTION</deleteRule>
</Relation>