<?xml version = '1.0' encoding = 'UTF-8'?>
<Relation class="oracle.dbtools.crest.model.design.logical.Relation" name="TAGS_POST_TAGS" directorySegmentName="seg_0" id="67CD208F-0D6E-31EB-1773-47223252C15F">
<createdBy>IoanC</createdBy>
<createdTime>2023-11-10 10:48:47 UTC</createdTime>
<ownerDesignName>bdp</ownerDesignName>
<engineerTo>
<item key="1156503B-766E-8DFB-72A0-C38324AD2B68" value="true"/>
</engineerTo>
<sourcePk>AA7976BD-D913-F70C-81A1-CEBDA965B3CC</sourcePk>
<identifying>false</identifying>
<optionalSource>true</optionalSource>
<optionalTarget>false</optionalTarget>
<sourceCardinality>1</sourceCardinality>
<sourceEntity>5B7A69BE-3336-3F9B-7B88-78B1C13EF816</sourceEntity>
<targetCardinalityString>*</targetCardinalityString>
<targetEntity>E5E8E790-CA3E-6F77-A5E7-6AE3C50C60EE</targetEntity>
<transferable>true</transferable>
<deleteRule>NO ACTION</deleteRule>
</Relation>