<?xml version = '1.0' encoding = 'UTF-8'?>
<Relation class="oracle.dbtools.crest.model.design.logical.Relation" name="USER_FEEDBACK_FK" directorySegmentName="seg_0" id="BC866FC2-8AD1-9EDD-0515-CD9C24E3CBF2">
<createdBy>IoanC</createdBy>
<createdTime>2023-11-10 10:47:08 UTC</createdTime>
<ownerDesignName>bdp</ownerDesignName>
<engineerTo>
<item key="1156503B-766E-8DFB-72A0-C38324AD2B68" value="true"/>
</engineerTo>
<sourcePk>0664545C-3965-8C0A-C987-A53714C3E445</sourcePk>
<identifying>false</identifying>
<nameOnSource>poate lasa</nameOnSource>
<nameOnTarget>este lasat de un</nameOnTarget>
<optionalSource>true</optionalSource>
<optionalTarget>false</optionalTarget>
<sourceCardinality>1</sourceCardinality>
<sourceEntity>E6077431-6131-F4C1-30E4-0259B95F4341</sourceEntity>
<targetCardinalityString>*</targetCardinalityString>
<targetEntity>66885B21-ED8C-ED66-383C-FF416F8926FA</targetEntity>
<transferable>true</transferable>
<deleteRule>NO ACTION</deleteRule>
</Relation>