<?xml version = '1.0' encoding = 'UTF-8'?>
<Relation class="oracle.dbtools.crest.model.design.logical.Relation" name="USER_POST_FK" directorySegmentName="seg_0" id="CAB8550E-AC35-26B5-C87B-B3C86227CABC">
<createdBy>IoanC</createdBy>
<createdTime>2023-11-10 10:44:10 UTC</createdTime>
<ownerDesignName>bdp</ownerDesignName>
<engineerTo>
<item key="1156503B-766E-8DFB-72A0-C38324AD2B68" value="true"/>
</engineerTo>
<sourcePk>0664545C-3965-8C0A-C987-A53714C3E445</sourcePk>
<identifying>false</identifying>
<nameOnSource>poate crea</nameOnSource>
<nameOnTarget>are un singur</nameOnTarget>
<optionalSource>true</optionalSource>
<optionalTarget>false</optionalTarget>
<sourceCardinality>1</sourceCardinality>
<sourceEntity>E6077431-6131-F4C1-30E4-0259B95F4341</sourceEntity>
<targetCardinalityString>*</targetCardinalityString>
<targetEntity>53413DD9-2C58-9596-C4A1-A766298646C8</targetEntity>
<transferable>true</transferable>
<deleteRule>NO ACTION</deleteRule>
</Relation>