<?xml version = '1.0' encoding = 'UTF-8'?>
<Relation class="oracle.dbtools.crest.model.design.logical.Relation" name="CATEGORY_POST_FK" directorySegmentName="seg_0" id="CC4150BA-DF92-E870-2572-3B9812B8B4F9">
<createdBy>IoanC</createdBy>
<createdTime>2023-11-15 18:03:20 UTC</createdTime>
<ownerDesignName>bdp</ownerDesignName>
<engineerTo>
<item key="1156503B-766E-8DFB-72A0-C38324AD2B68" value="true"/>
</engineerTo>
<sourcePk>578E56AA-35EA-4689-F272-AA083AD13320</sourcePk>
<identifying>false</identifying>
<nameOnSource>are mai multe</nameOnSource>
<nameOnTarget>are o singura</nameOnTarget>
<optionalSource>true</optionalSource>
<optionalTarget>false</optionalTarget>
<sourceCardinality>1</sourceCardinality>
<sourceEntity>133E8B84-11D3-DCB3-4D98-DF5DF043C631</sourceEntity>
<targetCardinalityString>*</targetCardinalityString>
<targetEntity>53413DD9-2C58-9596-C4A1-A766298646C8</targetEntity>
<transferable>true</transferable>
<deleteRule>NO ACTION</deleteRule>
</Relation>