<?xml version = '1.0' encoding = 'UTF-8'?>
<Relation class="oracle.dbtools.crest.model.design.logical.Relation" name="POST_FEEDBACK_FK" directorySegmentName="seg_0" id="D7FAD8DE-4583-2616-D6BC-DE24DDAC5EBA">
<createdBy>IoanC</createdBy>
<createdTime>2023-11-10 10:46:28 UTC</createdTime>
<ownerDesignName>bdp</ownerDesignName>
<engineerTo>
<item key="1156503B-766E-8DFB-72A0-C38324AD2B68" value="true"/>
</engineerTo>
<sourcePk>FD57BBD8-85F4-7103-7020-BA74AB863298</sourcePk>
<identifying>false</identifying>
<nameOnSource>are mai multe</nameOnSource>
<nameOnTarget>apartine unei</nameOnTarget>
<optionalSource>true</optionalSource>
<optionalTarget>false</optionalTarget>
<sourceCardinality>1</sourceCardinality>
<sourceEntity>53413DD9-2C58-9596-C4A1-A766298646C8</sourceEntity>
<targetCardinalityString>*</targetCardinalityString>
<targetEntity>66885B21-ED8C-ED66-383C-FF416F8926FA</targetEntity>
<transferable>true</transferable>
<deleteRule>NO ACTION</deleteRule>
</Relation>