<?xml version = '1.0' encoding = 'UTF-8'?>
<Entity class="oracle.dbtools.crest.model.design.logical.Entity" directorySegmentName="seg_0" id="133E8B84-11D3-DCB3-4D98-DF5DF043C631" name="CATEGORY">
<createdBy>IoanC</createdBy>
<createdTime>2023-11-02 12:48:00 UTC</createdTime>
<ownerDesignName>bdp</ownerDesignName>
<engineerTo>
<item key="1156503B-766E-8DFB-72A0-C38324AD2B68" value="true"/>
</engineerTo>
<adequatelyNormalized>NO</adequatelyNormalized>
<expectedVolumes>0</expectedVolumes>
<fwdEngineeringStrategyName>Single Table</fwdEngineeringStrategyName>
<growthPercent>0</growthPercent>
<growthType>Year</growthType>
<maxVolumes>9999999</maxVolumes>
<minVolumes>0</minVolumes>
<normalForm>Third</normalForm>
<attributes itemClass="oracle.dbtools.crest.model.design.logical.Attribute">
<Attribute name="ID_CATEGORY" id="B75F20BB-29FF-DC17-4EFD-7726B5D234A2">
<createdBy>IoanC</createdBy>
<createdTime>2023-11-02 12:48:41 UTC</createdTime>
<ownerDesignName>bdp</ownerDesignName>
<engineerTo>
<item key="1156503B-766E-8DFB-72A0-C38324AD2B68" value="true"/>
</engineerTo>
<useDomainConstraints>false</useDomainConstraints>
<use>1</use>
<logicalDatatype>LOGDT019</logicalDatatype>
<dataTypePrecision>4</dataTypePrecision>
<ownDataTypeParameters>,4,</ownDataTypeParameters>
</Attribute>
<Attribute name="NAME" id="5336B42C-49A1-83EE-A80C-2237677FB4FC">
<createdBy>IoanC</createdBy>
<createdTime>2023-11-02 12:48:52 UTC</createdTime>
<ownerDesignName>bdp</ownerDesignName>
<engineerTo>
<item key="1156503B-766E-8DFB-72A0-C38324AD2B68" value="true"/>
</engineerTo>
<constraintName>NAME_CHECK</constraintName>
<useDomainConstraints>false</useDomainConstraints>
<use>1</use>
<logicalDatatype>LOGDT024</logicalDatatype>
<dataTypeSize>100</dataTypeSize>
<checkConstraint>
<implementationDef dbType="Generic Constraint" definition="length(NAME) &gt;3"/>
</checkConstraint>
<ownDataTypeParameters>100,,</ownDataTypeParameters>
</Attribute>
</attributes>
<identifiers itemClass="oracle.dbtools.crest.model.design.logical.CandidateKey">
<identifier id="578E56AA-35EA-4689-F272-AA083AD13320" name="ID_CATEGORY_PK">
<createdBy>IoanC</createdBy>
<createdTime>2023-11-02 13:52:29 UTC</createdTime>
<ownerDesignName>bdp</ownerDesignName>
<engineerTo>
<item key="1156503B-766E-8DFB-72A0-C38324AD2B68" value="true"/>
</engineerTo>
<pk>true</pk>
<newElementsIDs>B75F20BB-29FF-DC17-4EFD-7726B5D234A2</newElementsIDs>
<usedAttributes>
<attributeRef>B75F20BB-29FF-DC17-4EFD-7726B5D234A2</attributeRef>
</usedAttributes>
</identifier>
<identifier id="EF4A8EB1-C6CF-F73C-AF0C-1106EC0EE9F1" name="NAME_UK">
<createdBy>IoanC</createdBy>
<createdTime>2023-11-02 14:01:13 UTC</createdTime>
<ownerDesignName>bdp</ownerDesignName>
<engineerTo>
<item key="1156503B-766E-8DFB-72A0-C38324AD2B68" value="true"/>
</engineerTo>
<newElementsIDs>5336B42C-49A1-83EE-A80C-2237677FB4FC</newElementsIDs>
<usedAttributes>
<attributeRef>5336B42C-49A1-83EE-A80C-2237677FB4FC</attributeRef>
</usedAttributes>
</identifier>
</identifiers>
</Entity>