<?xml version = '1.0' encoding = 'UTF-8'?>
<Entity class="oracle.dbtools.crest.model.design.logical.Entity" directorySegmentName="seg_0" id="53413DD9-2C58-9596-C4A1-A766298646C8" name="POST">
<createdBy>IoanC</createdBy>
<createdTime>2023-11-02 12:37:22 UTC</createdTime>
<ownerDesignName>bdp</ownerDesignName>
<engineerTo>
<item key="1156503B-766E-8DFB-72A0-C38324AD2B68" value="true"/>
</engineerTo>
<adequatelyNormalized>NO</adequatelyNormalized>
<expectedVolumes>0</expectedVolumes>
<fwdEngineeringStrategyName>Single Table</fwdEngineeringStrategyName>
<growthPercent>0</growthPercent>
<growthType>Year</growthType>
<maxVolumes>9999999</maxVolumes>
<minVolumes>0</minVolumes>
<normalForm>Third</normalForm>
<attributes itemClass="oracle.dbtools.crest.model.design.logical.Attribute">
<Attribute name="ID_POST" id="8572FC57-8AFD-9B1E-8223-BBF49C7563E8">
<createdBy>IoanC</createdBy>
<createdTime>2023-11-02 12:37:31 UTC</createdTime>
<ownerDesignName>bdp</ownerDesignName>
<engineerTo>
<item key="1156503B-766E-8DFB-72A0-C38324AD2B68" value="true"/>
</engineerTo>
<useDomainConstraints>false</useDomainConstraints>
<use>1</use>
<logicalDatatype>LOGDT019</logicalDatatype>
<dataTypePrecision>4</dataTypePrecision>
<ownDataTypeParameters>,4,</ownDataTypeParameters>
</Attribute>
<Attribute name="TITLE" id="21EE2D77-6E43-C329-122E-ACE7CB834D61">
<createdBy>IoanC</createdBy>
<createdTime>2023-11-02 12:37:49 UTC</createdTime>
<ownerDesignName>bdp</ownerDesignName>
<engineerTo>
<item key="1156503B-766E-8DFB-72A0-C38324AD2B68" value="true"/>
</engineerTo>
<constraintName>TITLE_CHECK</constraintName>
<useDomainConstraints>false</useDomainConstraints>
<use>1</use>
<logicalDatatype>LOGDT024</logicalDatatype>
<dataTypeSize>100</dataTypeSize>
<checkConstraint>
<implementationDef dbType="Generic Constraint" definition="length(TITLE) &gt; 3"/>
</checkConstraint>
<ownDataTypeParameters>100,,</ownDataTypeParameters>
</Attribute>
<Attribute name="CONTENT" id="BD7A3E6D-B004-36D9-EBC1-2BAED4368DB8">
<createdBy>IoanC</createdBy>
<createdTime>2023-11-02 12:43:27 UTC</createdTime>
<ownerDesignName>bdp</ownerDesignName>
<engineerTo>
<item key="1156503B-766E-8DFB-72A0-C38324AD2B68" value="true"/>
</engineerTo>
<constraintName>CONTENT_CHECK</constraintName>
<useDomainConstraints>false</useDomainConstraints>
<use>1</use>
<logicalDatatype>LOGDT024</logicalDatatype>
<dataTypeSize>1000</dataTypeSize>
<checkConstraint>
<implementationDef dbType="Generic Constraint" definition="length(CONTENT) &gt; 10 "/>
</checkConstraint>
<ownDataTypeParameters>1000,,</ownDataTypeParameters>
</Attribute>
<Attribute name="POST_DATE" id="6590A606-6DCD-5447-5FF9-F237DF50396A">
<createdBy>IoanC</createdBy>
<createdTime>2023-11-02 12:41:10 UTC</createdTime>
<ownerDesignName>bdp</ownerDesignName>
<engineerTo>
<item key="1156503B-766E-8DFB-72A0-C38324AD2B68" value="true"/>
</engineerTo>
<useDomainConstraints>false</useDomainConstraints>
<use>1</use>
<logicalDatatype>LOGDT007</logicalDatatype>
<ownDataTypeParameters>,,</ownDataTypeParameters>
</Attribute>
<Attribute name="ID_USER" id="914A25E6-B9CA-C204-7A1B-25395F5D0BD4">
<createdBy>IoanC</createdBy>
<createdTime>2023-11-10 10:44:10 UTC</createdTime>
<generatorID>CAB8550E-AC35-26B5-C87B-B3C86227CABC</generatorID>
<ownerDesignName>bdp</ownerDesignName>
<engineerTo>
<item key="1156503B-766E-8DFB-72A0-C38324AD2B68" value="true"/>
</engineerTo>
<referedAttribute>EEBFDF1D-5256-9C72-3279-C4D38EF74437</referedAttribute>
<useDomainConstraints>false</useDomainConstraints>
<use>1</use>
<logicalDatatype>LOGDT019</logicalDatatype>
<dataTypePrecision>4</dataTypePrecision>
<ownDataTypeParameters>,4,</ownDataTypeParameters>
</Attribute>
<Attribute name="ID_CATEGORY" id="F8742FCD-6787-60BA-81E8-6AD5A082B1D2">
<createdBy>IoanC</createdBy>
<createdTime>2023-11-15 18:03:20 UTC</createdTime>
<generatorID>CC4150BA-DF92-E870-2572-3B9812B8B4F9</generatorID>
<ownerDesignName>bdp</ownerDesignName>
<engineerTo>
<item key="1156503B-766E-8DFB-72A0-C38324AD2B68" value="true"/>
</engineerTo>
<referedAttribute>B75F20BB-29FF-DC17-4EFD-7726B5D234A2</referedAttribute>
<useDomainConstraints>false</useDomainConstraints>
<use>1</use>
<logicalDatatype>LOGDT019</logicalDatatype>
<dataTypePrecision>4</dataTypePrecision>
<ownDataTypeParameters>,4,</ownDataTypeParameters>
</Attribute>
</attributes>
<identifiers itemClass="oracle.dbtools.crest.model.design.logical.CandidateKey">
<identifier id="FD57BBD8-85F4-7103-7020-BA74AB863298" name="ID_POST_PK">
<createdBy>IoanC</createdBy>
<createdTime>2023-11-02 13:45:57 UTC</createdTime>
<ownerDesignName>bdp</ownerDesignName>
<engineerTo>
<item key="1156503B-766E-8DFB-72A0-C38324AD2B68" value="true"/>
</engineerTo>
<pk>true</pk>
<newElementsIDs>8572FC57-8AFD-9B1E-8223-BBF49C7563E8</newElementsIDs>
<usedAttributes>
<attributeRef>8572FC57-8AFD-9B1E-8223-BBF49C7563E8</attributeRef>
</usedAttributes>
</identifier>
</identifiers>
</Entity>