<?xml version = '1.0' encoding = 'UTF-8'?>
<Entity class="oracle.dbtools.crest.model.design.logical.Entity" directorySegmentName="seg_0" id="5B7A69BE-3336-3F9B-7B88-78B1C13EF816" name="TAGS">
<createdBy>IoanC</createdBy>
<createdTime>2023-11-02 12:51:53 UTC</createdTime>
<ownerDesignName>bdp</ownerDesignName>
<engineerTo>
<item key="1156503B-766E-8DFB-72A0-C38324AD2B68" value="true"/>
</engineerTo>
<adequatelyNormalized>NO</adequatelyNormalized>
<expectedVolumes>0</expectedVolumes>
<fwdEngineeringStrategyName>Single Table</fwdEngineeringStrategyName>
<growthPercent>0</growthPercent>
<growthType>Year</growthType>
<maxVolumes>9999999</maxVolumes>
<minVolumes>0</minVolumes>
<normalForm>Third</normalForm>
<attributes itemClass="oracle.dbtools.crest.model.design.logical.Attribute">
<Attribute name="ID_TAG" id="AB5517FD-C89E-A333-EC50-30F07B3549DE">
<createdBy>IoanC</createdBy>
<createdTime>2023-11-02 12:52:32 UTC</createdTime>
<ownerDesignName>bdp</ownerDesignName>
<engineerTo>
<item key="1156503B-766E-8DFB-72A0-C38324AD2B68" value="true"/>
</engineerTo>
<useDomainConstraints>false</useDomainConstraints>
<use>1</use>
<logicalDatatype>LOGDT019</logicalDatatype>
<dataTypePrecision>4</dataTypePrecision>
<ownDataTypeParameters>,4,</ownDataTypeParameters>
</Attribute>
<Attribute name="NAME" id="5D7CCFEE-D153-8E47-2D24-887660E8659E">
<createdBy>IoanC</createdBy>
<createdTime>2023-11-02 12:52:48 UTC</createdTime>
<ownerDesignName>bdp</ownerDesignName>
<engineerTo>
<item key="1156503B-766E-8DFB-72A0-C38324AD2B68" value="true"/>
</engineerTo>
<constraintName>TAG_VALIDATION</constraintName>
<useDomainConstraints>false</useDomainConstraints>
<use>1</use>
<logicalDatatype>LOGDT024</logicalDatatype>
<dataTypeSize>50</dataTypeSize>
<checkConstraint>
<implementationDef dbType="Generic Constraint" definition="REGEXP_LIKE(NAME, &apos;^#.*&apos;, &apos;i&apos;) and length(NAME) &gt;2"/>
</checkConstraint>
<ownDataTypeParameters>50,,</ownDataTypeParameters>
</Attribute>
</attributes>
<identifiers itemClass="oracle.dbtools.crest.model.design.logical.CandidateKey">
<identifier id="AA7976BD-D913-F70C-81A1-CEBDA965B3CC" name="ID_TAG_PK">
<createdBy>IoanC</createdBy>
<createdTime>2023-11-02 13:52:16 UTC</createdTime>
<ownerDesignName>bdp</ownerDesignName>
<engineerTo>
<item key="1156503B-766E-8DFB-72A0-C38324AD2B68" value="true"/>
</engineerTo>
<pk>true</pk>
<newElementsIDs>AB5517FD-C89E-A333-EC50-30F07B3549DE</newElementsIDs>
<usedAttributes>
<attributeRef>AB5517FD-C89E-A333-EC50-30F07B3549DE</attributeRef>
</usedAttributes>
</identifier>
<identifier id="8FE83144-4238-B567-7075-C1C6F0B1A99D" name="NAME_UK">
<createdBy>IoanC</createdBy>
<createdTime>2023-11-02 14:01:02 UTC</createdTime>
<ownerDesignName>bdp</ownerDesignName>
<engineerTo>
<item key="1156503B-766E-8DFB-72A0-C38324AD2B68" value="true"/>
</engineerTo>
<newElementsIDs>5D7CCFEE-D153-8E47-2D24-887660E8659E</newElementsIDs>
<usedAttributes>
<attributeRef>5D7CCFEE-D153-8E47-2D24-887660E8659E</attributeRef>
</usedAttributes>
</identifier>
</identifiers>
</Entity>