<?xml version = '1.0' encoding = 'UTF-8'?>
<Entity class="oracle.dbtools.crest.model.design.logical.Entity" directorySegmentName="seg_0" id="66885B21-ED8C-ED66-383C-FF416F8926FA" name="FEEDBACK">
<createdBy>IoanC</createdBy>
<createdTime>2023-11-02 12:50:18 UTC</createdTime>
<ownerDesignName>bdp</ownerDesignName>
<engineerTo>
<item key="1156503B-766E-8DFB-72A0-C38324AD2B68" value="true"/>
</engineerTo>
<adequatelyNormalized>NO</adequatelyNormalized>
<expectedVolumes>0</expectedVolumes>
<fwdEngineeringStrategyName>Single Table</fwdEngineeringStrategyName>
<growthPercent>0</growthPercent>
<growthType>Year</growthType>
<maxVolumes>9999999</maxVolumes>
<minVolumes>0</minVolumes>
<normalForm>Third</normalForm>
<attributes itemClass="oracle.dbtools.crest.model.design.logical.Attribute">
<Attribute name="ID_POST" id="D7C71279-BF7D-CED1-CBD8-CCF2B4204B28">
<createdBy>IoanC</createdBy>
<createdTime>2023-11-10 10:46:28 UTC</createdTime>
<generatorID>D7FAD8DE-4583-2616-D6BC-DE24DDAC5EBA</generatorID>
<ownerDesignName>bdp</ownerDesignName>
<engineerTo>
<item key="1156503B-766E-8DFB-72A0-C38324AD2B68" value="true"/>
</engineerTo>
<referedAttribute>8572FC57-8AFD-9B1E-8223-BBF49C7563E8</referedAttribute>
<useDomainConstraints>false</useDomainConstraints>
<use>1</use>
<logicalDatatype>LOGDT019</logicalDatatype>
<dataTypePrecision>4</dataTypePrecision>
<ownDataTypeParameters>,4,</ownDataTypeParameters>
</Attribute>
<Attribute name="ID_USER" id="44E8298B-BFCD-B012-06B1-DB6622BC5642">
<createdBy>IoanC</createdBy>
<createdTime>2023-11-10 10:47:08 UTC</createdTime>
<generatorID>BC866FC2-8AD1-9EDD-0515-CD9C24E3CBF2</generatorID>
<ownerDesignName>bdp</ownerDesignName>
<engineerTo>
<item key="1156503B-766E-8DFB-72A0-C38324AD2B68" value="true"/>
</engineerTo>
<referedAttribute>EEBFDF1D-5256-9C72-3279-C4D38EF74437</referedAttribute>
<useDomainConstraints>false</useDomainConstraints>
<use>1</use>
<logicalDatatype>LOGDT019</logicalDatatype>
<dataTypePrecision>4</dataTypePrecision>
<ownDataTypeParameters>,4,</ownDataTypeParameters>
</Attribute>
<Attribute name="TYPE" id="45067BE6-E8DA-B39F-45B9-B9BE468F0E99">
<createdBy>IoanC</createdBy>
<createdTime>2023-11-02 12:50:41 UTC</createdTime>
<ownerDesignName>bdp</ownerDesignName>
<engineerTo>
<item key="1156503B-766E-8DFB-72A0-C38324AD2B68" value="true"/>
</engineerTo>
<constraintName>TYPE_VALIDATION</constraintName>
<useDomainConstraints>false</useDomainConstraints>
<use>1</use>
<logicalDatatype>LOGDT024</logicalDatatype>
<dataTypeSize>8</dataTypeSize>
<checkConstraint>
<implementationDef dbType="Generic Constraint" definition="REGEXP_LIKE(TYPE, &apos;^(positive|negative)$&apos;, &apos;i&apos;)"/>
</checkConstraint>
<ownDataTypeParameters>8,,</ownDataTypeParameters>
</Attribute>
<Attribute name="FEEDBACK_DATE" id="9284760B-F669-46E9-AA3E-D75F7D21B5B7">
<createdBy>IoanC</createdBy>
<createdTime>2023-11-02 12:51:23 UTC</createdTime>
<ownerDesignName>bdp</ownerDesignName>
<engineerTo>
<item key="1156503B-766E-8DFB-72A0-C38324AD2B68" value="true"/>
</engineerTo>
<useDomainConstraints>false</useDomainConstraints>
<use>1</use>
<logicalDatatype>LOGDT007</logicalDatatype>
<ownDataTypeParameters>,,</ownDataTypeParameters>
</Attribute>
</attributes>
<identifiers itemClass="oracle.dbtools.crest.model.design.logical.CandidateKey">
<identifier id="5C5CDE59-96F1-FA0C-D792-7E081934ED51" name="ID_POST_ID_USER_FK">
<createdBy>IoanC</createdBy>
<createdTime>2023-11-02 13:51:24 UTC</createdTime>
<ownerDesignName>bdp</ownerDesignName>
<engineerTo>
<item key="1156503B-766E-8DFB-72A0-C38324AD2B68" value="true"/>
</engineerTo>
<pk>true</pk>
<newElementsIDs>D7C71279-BF7D-CED1-CBD8-CCF2B4204B28,44E8298B-BFCD-B012-06B1-DB6622BC5642</newElementsIDs>
<usedAttributes>
<attributeRef>D7C71279-BF7D-CED1-CBD8-CCF2B4204B28</attributeRef>
<attributeRef>44E8298B-BFCD-B012-06B1-DB6622BC5642</attributeRef>
</usedAttributes>
</identifier>
</identifiers>
</Entity>