<?xml version = '1.0' encoding = 'UTF-8'?>
<Entity class="oracle.dbtools.crest.model.design.logical.Entity" directorySegmentName="seg_0" id="D17C6D34-8A1A-0F3B-BD17-6FB4A7F1D867" name="COMMENT">
<createdBy>IoanC</createdBy>
<createdTime>2023-11-02 12:46:17 UTC</createdTime>
<ownerDesignName>bdp</ownerDesignName>
<engineerTo>
<item key="1156503B-766E-8DFB-72A0-C38324AD2B68" value="true"/>
</engineerTo>
<adequatelyNormalized>NO</adequatelyNormalized>
<expectedVolumes>0</expectedVolumes>
<fwdEngineeringStrategyName>Single Table</fwdEngineeringStrategyName>
<growthPercent>0</growthPercent>
<growthType>Year</growthType>
<maxVolumes>9999999</maxVolumes>
<minVolumes>0</minVolumes>
<normalForm>Third</normalForm>
<attributes itemClass="oracle.dbtools.crest.model.design.logical.Attribute">
<Attribute name="ID_COMMENT" id="B238DED7-B520-0C1E-9931-ABCC29C3A08E">
<createdBy>IoanC</createdBy>
<createdTime>2023-11-02 12:46:27 UTC</createdTime>
<ownerDesignName>bdp</ownerDesignName>
<engineerTo>
<item key="1156503B-766E-8DFB-72A0-C38324AD2B68" value="true"/>
</engineerTo>
<useDomainConstraints>false</useDomainConstraints>
<use>1</use>
<logicalDatatype>LOGDT019</logicalDatatype>
<dataTypePrecision>4</dataTypePrecision>
<ownDataTypeParameters>,4,</ownDataTypeParameters>
</Attribute>
<Attribute name="CONTENT" id="1E69E265-EDF8-B9E2-71F7-8C31AA1FBDE4">
<createdBy>IoanC</createdBy>
<createdTime>2023-11-02 12:46:39 UTC</createdTime>
<ownerDesignName>bdp</ownerDesignName>
<engineerTo>
<item key="1156503B-766E-8DFB-72A0-C38324AD2B68" value="true"/>
</engineerTo>
<constraintName>CONTENT_VALIDATION</constraintName>
<useDomainConstraints>false</useDomainConstraints>
<use>1</use>
<logicalDatatype>LOGDT024</logicalDatatype>
<dataTypeSize>300</dataTypeSize>
<checkConstraint>
<implementationDef dbType="Generic Constraint" definition="length(CONTENT) &gt; 5"/>
</checkConstraint>
<ownDataTypeParameters>300,,</ownDataTypeParameters>
</Attribute>
<Attribute name="COMMENT_DATE" id="26FB8D59-4EE7-B11C-C912-745F3734D738">
<createdBy>IoanC</createdBy>
<createdTime>2023-11-02 12:47:15 UTC</createdTime>
<ownerDesignName>bdp</ownerDesignName>
<engineerTo>
<item key="1156503B-766E-8DFB-72A0-C38324AD2B68" value="true"/>
</engineerTo>
<useDomainConstraints>false</useDomainConstraints>
<use>1</use>
<logicalDatatype>LOGDT007</logicalDatatype>
<ownDataTypeParameters>,,</ownDataTypeParameters>
</Attribute>
<Attribute name="ID_POST" id="F1F9C6C3-54E6-4FE0-13AB-D80147C4E824">
<createdBy>IoanC</createdBy>
<createdTime>2023-11-10 10:45:18 UTC</createdTime>
<generatorID>36A50F2B-EC28-EB3D-1F40-5EC1092EAB89</generatorID>
<ownerDesignName>bdp</ownerDesignName>
<engineerTo>
<item key="1156503B-766E-8DFB-72A0-C38324AD2B68" value="true"/>
</engineerTo>
<referedAttribute>8572FC57-8AFD-9B1E-8223-BBF49C7563E8</referedAttribute>
<useDomainConstraints>false</useDomainConstraints>
<use>1</use>
<logicalDatatype>LOGDT019</logicalDatatype>
<dataTypePrecision>4</dataTypePrecision>
<ownDataTypeParameters>,4,</ownDataTypeParameters>
</Attribute>
<Attribute name="ID_USER" id="EEDD0EAA-D111-5E21-188A-AF64234323B3">
<createdBy>IoanC</createdBy>
<createdTime>2023-11-10 10:47:43 UTC</createdTime>
<generatorID>4B67074F-F906-00D0-BBD3-C7EB469FAC00</generatorID>
<ownerDesignName>bdp</ownerDesignName>
<engineerTo>
<item key="1156503B-766E-8DFB-72A0-C38324AD2B68" value="true"/>
</engineerTo>
<referedAttribute>EEBFDF1D-5256-9C72-3279-C4D38EF74437</referedAttribute>
<useDomainConstraints>false</useDomainConstraints>
<use>1</use>
<logicalDatatype>LOGDT019</logicalDatatype>
<dataTypePrecision>4</dataTypePrecision>
<ownDataTypeParameters>,4,</ownDataTypeParameters>
</Attribute>
</attributes>
<identifiers itemClass="oracle.dbtools.crest.model.design.logical.CandidateKey">
<identifier id="250585E6-0FD2-BE0E-226E-E6F1789BAD2B" name="ID_COMMENT_PK">
<createdBy>IoanC</createdBy>
<createdTime>2023-11-02 13:51:01 UTC</createdTime>
<ownerDesignName>bdp</ownerDesignName>
<engineerTo>
<item key="1156503B-766E-8DFB-72A0-C38324AD2B68" value="true"/>
</engineerTo>
<pk>true</pk>
<newElementsIDs>B238DED7-B520-0C1E-9931-ABCC29C3A08E</newElementsIDs>
<usedAttributes>
<attributeRef>B238DED7-B520-0C1E-9931-ABCC29C3A08E</attributeRef>
</usedAttributes>
</identifier>
</identifiers>
</Entity>