<?xml version = '1.0' encoding = 'UTF-8'?>
<Entity class="oracle.dbtools.crest.model.design.logical.Entity" directorySegmentName="seg_0" id="D90C57A9-4A6E-9B99-D28E-612E7DBE682C" name="PROFILE">
<createdBy>IoanC</createdBy>
<createdTime>2023-11-02 12:31:02 UTC</createdTime>
<ownerDesignName>bdp</ownerDesignName>
<engineerTo>
<item key="1156503B-766E-8DFB-72A0-C38324AD2B68" value="true"/>
</engineerTo>
<adequatelyNormalized>NO</adequatelyNormalized>
<expectedVolumes>0</expectedVolumes>
<fwdEngineeringStrategyName>Single Table</fwdEngineeringStrategyName>
<growthPercent>0</growthPercent>
<growthType>Year</growthType>
<maxVolumes>9999999</maxVolumes>
<minVolumes>0</minVolumes>
<normalForm>Third</normalForm>
<attributes itemClass="oracle.dbtools.crest.model.design.logical.Attribute">
<Attribute name="ID_USER" id="AFB0D908-FCAD-27E7-1E62-B650E710F5B7">
<createdBy>IoanC</createdBy>
<createdTime>2023-11-10 10:41:27 UTC</createdTime>
<generatorID>40053A63-3126-E608-7911-D9007D6A292B</generatorID>
<ownerDesignName>bdp</ownerDesignName>
<engineerTo>
<item key="1156503B-766E-8DFB-72A0-C38324AD2B68" value="true"/>
</engineerTo>
<referedAttribute>EEBFDF1D-5256-9C72-3279-C4D38EF74437</referedAttribute>
<useDomainConstraints>false</useDomainConstraints>
<use>1</use>
<logicalDatatype>LOGDT019</logicalDatatype>
<dataTypePrecision>4</dataTypePrecision>
<ownDataTypeParameters>,,</ownDataTypeParameters>
</Attribute>
<Attribute name="PHONE_NUMBER" id="A9B48C26-5E5D-3720-6306-124BBF318E73">
<createdBy>IoanC</createdBy>
<createdTime>2023-11-02 12:31:11 UTC</createdTime>
<ownerDesignName>bdp</ownerDesignName>
<engineerTo>
<item key="1156503B-766E-8DFB-72A0-C38324AD2B68" value="true"/>
</engineerTo>
<constraintName>PHONE_VALIDATION</constraintName>
<useDomainConstraints>false</useDomainConstraints>
<use>1</use>
<logicalDatatype>LOGDT024</logicalDatatype>
<dataTypeSize>10</dataTypeSize>
<checkConstraint>
<implementationDef dbType="Generic Constraint" definition="REGEXP_LIKE(PHONE_NUMBER, &apos;^\d{10}$&apos;) and length(PHONE_NUMBER) &gt;= 3"/>
</checkConstraint>
<ownDataTypeParameters>10,,</ownDataTypeParameters>
</Attribute>
<Attribute name="HOBBIES" id="CF70495C-26B6-34E1-F507-1EC425E3C389">
<createdBy>IoanC</createdBy>
<createdTime>2023-11-02 12:35:14 UTC</createdTime>
<ownerDesignName>bdp</ownerDesignName>
<engineerTo>
<item key="1156503B-766E-8DFB-72A0-C38324AD2B68" value="true"/>
</engineerTo>
<nullsAllowed>true</nullsAllowed>
<useDomainConstraints>false</useDomainConstraints>
<use>1</use>
<logicalDatatype>LOGDT024</logicalDatatype>
<dataTypeSize>100</dataTypeSize>
<ownDataTypeParameters>100,,</ownDataTypeParameters>
</Attribute>
<Attribute name="DESCRIPTION" id="7146BC65-5AE0-9D5E-8AEE-90C1AA19F975">
<createdBy>IoanC</createdBy>
<createdTime>2023-11-02 12:35:49 UTC</createdTime>
<ownerDesignName>bdp</ownerDesignName>
<engineerTo>
<item key="1156503B-766E-8DFB-72A0-C38324AD2B68" value="true"/>
</engineerTo>
<nullsAllowed>true</nullsAllowed>
<useDomainConstraints>false</useDomainConstraints>
<use>1</use>
<logicalDatatype>LOGDT024</logicalDatatype>
<dataTypeSize>100</dataTypeSize>
<ownDataTypeParameters>100,,</ownDataTypeParameters>
</Attribute>
<Attribute name="FACEBOOK" id="64559974-A1D9-1153-F964-89885E09EDD3">
<createdBy>IoanC</createdBy>
<createdTime>2023-11-02 12:36:08 UTC</createdTime>
<ownerDesignName>bdp</ownerDesignName>
<engineerTo>
<item key="1156503B-766E-8DFB-72A0-C38324AD2B68" value="true"/>
</engineerTo>
<constraintName>FACEBOOK_VALIDATION</constraintName>
<nullsAllowed>true</nullsAllowed>
<useDomainConstraints>false</useDomainConstraints>
<use>1</use>
<logicalDatatype>LOGDT024</logicalDatatype>
<dataTypeSize>50</dataTypeSize>
<checkConstraint>
<implementationDef dbType="Generic Constraint" definition="REGEXP_LIKE(FACEBOOK, &apos;^https?://(www\.)?facebook\.com/(pages/[\w\-]+/|[\w\-]+)?$&apos;) and length(FACEBOOK) &gt; 8"/>
</checkConstraint>
<ownDataTypeParameters>50,,</ownDataTypeParameters>
</Attribute>
<Attribute name="LOCATION" id="19F302D2-4D0B-741F-411A-3E758E3BF2D3">
<createdBy>IoanC</createdBy>
<createdTime>2023-11-02 12:36:34 UTC</createdTime>
<ownerDesignName>bdp</ownerDesignName>
<engineerTo>
<item key="1156503B-766E-8DFB-72A0-C38324AD2B68" value="true"/>
</engineerTo>
<nullsAllowed>true</nullsAllowed>
<useDomainConstraints>false</useDomainConstraints>
<use>1</use>
<logicalDatatype>LOGDT024</logicalDatatype>
<dataTypeSize>80</dataTypeSize>
<checkConstraint>
<implementationDef dbType="Generic Constraint" definition="length(LOCATION) &gt; 1;"/>
</checkConstraint>
<ownDataTypeParameters>80,,</ownDataTypeParameters>
</Attribute>
</attributes>
<identifiers itemClass="oracle.dbtools.crest.model.design.logical.CandidateKey">
<identifier id="4A92F56E-5D57-47C4-2FD7-C8B3909168B3" name="FACEBOOK_UK">
<createdBy>IoanC</createdBy>
<createdTime>2023-11-02 13:58:00 UTC</createdTime>
<ownerDesignName>bdp</ownerDesignName>
<engineerTo>
<item key="1156503B-766E-8DFB-72A0-C38324AD2B68" value="true"/>
</engineerTo>
<newElementsIDs>64559974-A1D9-1153-F964-89885E09EDD3</newElementsIDs>
<usedAttributes>
<attributeRef>64559974-A1D9-1153-F964-89885E09EDD3</attributeRef>
</usedAttributes>
</identifier>
<identifier id="1FD3507D-5AB3-57EE-90D0-146FB7CD9DB8" name="PHONE_NUMBER_UK">
<createdBy>IoanC</createdBy>
<createdTime>2023-11-02 13:58:18 UTC</createdTime>
<ownerDesignName>bdp</ownerDesignName>
<engineerTo>
<item key="1156503B-766E-8DFB-72A0-C38324AD2B68" value="true"/>
</engineerTo>
<newElementsIDs>A9B48C26-5E5D-3720-6306-124BBF318E73</newElementsIDs>
<usedAttributes>
<attributeRef>A9B48C26-5E5D-3720-6306-124BBF318E73</attributeRef>
</usedAttributes>
</identifier>
<identifier id="85F3DAE4-3756-3F6C-5F09-153B0A2FC451" name="USER_ID_PK">
<createdBy>IoanC</createdBy>
<createdTime>2023-11-15 18:14:19 UTC</createdTime>
<ownerDesignName>bdp</ownerDesignName>
<engineerTo>
<item key="1156503B-766E-8DFB-72A0-C38324AD2B68" value="true"/>
</engineerTo>
<pk>true</pk>
<newElementsIDs>AFB0D908-FCAD-27E7-1E62-B650E710F5B7</newElementsIDs>
<usedAttributes>
<attributeRef>AFB0D908-FCAD-27E7-1E62-B650E710F5B7</attributeRef>
</usedAttributes>
</identifier>
</identifiers>
</Entity>