<?xml version = '1.0' encoding = 'UTF-8'?>
<Entity class="oracle.dbtools.crest.model.design.logical.Entity" directorySegmentName="seg_0" id="E5E8E790-CA3E-6F77-A5E7-6AE3C50C60EE" name="POST_TAGS">
<createdBy>IoanC</createdBy>
<createdTime>2023-11-02 12:56:44 UTC</createdTime>
<ownerDesignName>bdp</ownerDesignName>
<engineerTo>
<item key="1156503B-766E-8DFB-72A0-C38324AD2B68" value="true"/>
</engineerTo>
<adequatelyNormalized>NO</adequatelyNormalized>
<expectedVolumes>0</expectedVolumes>
<fwdEngineeringStrategyName>Single Table</fwdEngineeringStrategyName>
<growthPercent>0</growthPercent>
<growthType>Year</growthType>
<maxVolumes>9999999</maxVolumes>
<minVolumes>0</minVolumes>
<normalForm>Third</normalForm>
<attributes itemClass="oracle.dbtools.crest.model.design.logical.Attribute">
<Attribute name="ID_POST" id="17F0776D-2E92-B489-8090-5893C0F47154">
<createdBy>IoanC</createdBy>
<createdTime>2023-11-10 10:48:32 UTC</createdTime>
<generatorID>008681B9-A251-EBEC-0C33-4202BED250F2</generatorID>
<ownerDesignName>bdp</ownerDesignName>
<engineerTo>
<item key="1156503B-766E-8DFB-72A0-C38324AD2B68" value="true"/>
</engineerTo>
<referedAttribute>8572FC57-8AFD-9B1E-8223-BBF49C7563E8</referedAttribute>
<useDomainConstraints>false</useDomainConstraints>
<use>1</use>
<logicalDatatype>LOGDT019</logicalDatatype>
<dataTypePrecision>4</dataTypePrecision>
<ownDataTypeParameters>,4,</ownDataTypeParameters>
</Attribute>
<Attribute name="ID_TAG" id="D036CEB5-8AAA-E242-78EB-EA752255B059">
<createdBy>IoanC</createdBy>
<createdTime>2023-11-10 10:48:47 UTC</createdTime>
<generatorID>67CD208F-0D6E-31EB-1773-47223252C15F</generatorID>
<ownerDesignName>bdp</ownerDesignName>
<engineerTo>
<item key="1156503B-766E-8DFB-72A0-C38324AD2B68" value="true"/>
</engineerTo>
<referedAttribute>AB5517FD-C89E-A333-EC50-30F07B3549DE</referedAttribute>
<useDomainConstraints>false</useDomainConstraints>
<use>1</use>
<logicalDatatype>LOGDT019</logicalDatatype>
<dataTypePrecision>4</dataTypePrecision>
<ownDataTypeParameters>,4,</ownDataTypeParameters>
</Attribute>
</attributes>
<identifiers itemClass="oracle.dbtools.crest.model.design.logical.CandidateKey">
<identifier id="8B1AE46C-8BF2-D593-E72B-DBCC8F008F5C" name="POST_TAGS PK">
<createdBy>IoanC</createdBy>
<createdTime>2023-11-10 10:48:32 UTC</createdTime>
<ownerDesignName>bdp</ownerDesignName>
<shouldEngineer>false</shouldEngineer>
<engineerTo>
<item key="1156503B-766E-8DFB-72A0-C38324AD2B68" value="false"/>
</engineerTo>
<pk>true</pk>
<newElementsIDs>17F0776D-2E92-B489-8090-5893C0F47154,D036CEB5-8AAA-E242-78EB-EA752255B059</newElementsIDs>
<usedAttributes>
<attributeRef>17F0776D-2E92-B489-8090-5893C0F47154</attributeRef>
<attributeRef>D036CEB5-8AAA-E242-78EB-EA752255B059</attributeRef>
</usedAttributes>
</identifier>
</identifiers>
</Entity>