<?xml version = '1.0' encoding = 'UTF-8'?>
<Entity class="oracle.dbtools.crest.model.design.logical.Entity" directorySegmentName="seg_0" id="E6077431-6131-F4C1-30E4-0259B95F4341" name="USER">
<createdBy>IoanC</createdBy>
<createdTime>2023-11-02 12:21:54 UTC</createdTime>
<ownerDesignName>bdp</ownerDesignName>
<engineerTo>
<item key="1156503B-766E-8DFB-72A0-C38324AD2B68" value="true"/>
</engineerTo>
<adequatelyNormalized>NO</adequatelyNormalized>
<expectedVolumes>0</expectedVolumes>
<fwdEngineeringStrategyName>Single Table</fwdEngineeringStrategyName>
<growthPercent>0</growthPercent>
<growthType>Year</growthType>
<maxVolumes>9999999</maxVolumes>
<minVolumes>0</minVolumes>
<normalForm>Third</normalForm>
<attributes itemClass="oracle.dbtools.crest.model.design.logical.Attribute">
<Attribute name="ID_USER" id="EEBFDF1D-5256-9C72-3279-C4D38EF74437">
<createdBy>IoanC</createdBy>
<createdTime>2023-11-02 12:22:35 UTC</createdTime>
<ownerDesignName>bdp</ownerDesignName>
<engineerTo>
<item key="1156503B-766E-8DFB-72A0-C38324AD2B68" value="true"/>
</engineerTo>
<useDomainConstraints>false</useDomainConstraints>
<use>1</use>
<logicalDatatype>LOGDT019</logicalDatatype>
<dataTypePrecision>4</dataTypePrecision>
<ownDataTypeParameters>,4,</ownDataTypeParameters>
</Attribute>
<Attribute name="NAME" id="67620D0C-55F1-0027-9461-60C008C7D0CB">
<createdBy>IoanC</createdBy>
<createdTime>2023-11-02 12:24:18 UTC</createdTime>
<ownerDesignName>bdp</ownerDesignName>
<engineerTo>
<item key="1156503B-766E-8DFB-72A0-C38324AD2B68" value="true"/>
</engineerTo>
<constraintName>NAME_VALIDATION</constraintName>
<useDomainConstraints>false</useDomainConstraints>
<use>1</use>
<logicalDatatype>LOGDT024</logicalDatatype>
<dataTypeSize>50</dataTypeSize>
<checkConstraint>
<implementationDef dbType="Generic Constraint" definition="length(name) &gt;3"/>
</checkConstraint>
<ownDataTypeParameters>50,,</ownDataTypeParameters>
</Attribute>
<Attribute name="PASSWORD" id="D17DC301-FDE1-004D-D8B6-075FB17C288A">
<createdBy>IoanC</createdBy>
<createdTime>2023-11-02 12:25:11 UTC</createdTime>
<ownerDesignName>bdp</ownerDesignName>
<engineerTo>
<item key="1156503B-766E-8DFB-72A0-C38324AD2B68" value="true"/>
</engineerTo>
<constraintName>PASSWORD_VALIDATION</constraintName>
<useDomainConstraints>false</useDomainConstraints>
<use>1</use>
<logicalDatatype>LOGDT024</logicalDatatype>
<dataTypeSize>50</dataTypeSize>
<checkConstraint>
<implementationDef dbType="Generic Constraint" definition="length(PASSWORD) &gt; 4 and REGEXP_LIKE(PASSWORD, &apos;^(?=.*[a-z])(?=.*[A-Z])(?=.*!)[a-zA-Z!]+$ &apos;)"/>
</checkConstraint>
<ownDataTypeParameters>50,,</ownDataTypeParameters>
</Attribute>
<Attribute name="EMAIL" id="645286FB-7617-134E-B8A0-7FD7A18CA8B3">
<createdBy>IoanC</createdBy>
<createdTime>2023-11-02 12:25:50 UTC</createdTime>
<ownerDesignName>bdp</ownerDesignName>
<engineerTo>
<item key="1156503B-766E-8DFB-72A0-C38324AD2B68" value="true"/>
</engineerTo>
<constraintName>EMAIL_VALIDATION</constraintName>
<useDomainConstraints>false</useDomainConstraints>
<use>1</use>
<logicalDatatype>LOGDT024</logicalDatatype>
<dataTypeSize>50</dataTypeSize>
<checkConstraint>
<implementationDef dbType="Generic Constraint" definition="REGEXP_LIKE(EMAIL, &apos;[A-Za-z0-9._%-]+@[A-Za-z0-9._%-]+\.[A-Za-z]{2,4}&apos;, &apos;i&apos;) and length(EMAIL) &gt;2"/>
</checkConstraint>
<ownDataTypeParameters>50,,</ownDataTypeParameters>
</Attribute>
<Attribute name="REGISTER_DATE" id="615F1FB9-0F68-8111-781C-EF13E1A2539B">
<createdBy>IoanC</createdBy>
<createdTime>2023-11-02 12:26:29 UTC</createdTime>
<ownerDesignName>bdp</ownerDesignName>
<engineerTo>
<item key="1156503B-766E-8DFB-72A0-C38324AD2B68" value="true"/>
</engineerTo>
<useDomainConstraints>false</useDomainConstraints>
<use>1</use>
<logicalDatatype>LOGDT007</logicalDatatype>
<ownDataTypeParameters>,,</ownDataTypeParameters>
</Attribute>
<Attribute name="LAST_LOGIN" id="90F67674-FB17-423B-1AEF-2CC1109C0F74">
<createdBy>IoanC</createdBy>
<createdTime>2023-11-02 12:27:02 UTC</createdTime>
<ownerDesignName>bdp</ownerDesignName>
<engineerTo>
<item key="1156503B-766E-8DFB-72A0-C38324AD2B68" value="true"/>
</engineerTo>
<useDomainConstraints>false</useDomainConstraints>
<use>1</use>
<logicalDatatype>LOGDT007</logicalDatatype>
<ownDataTypeParameters>,,</ownDataTypeParameters>
</Attribute>
</attributes>
<identifiers itemClass="oracle.dbtools.crest.model.design.logical.CandidateKey">
<identifier id="34286C07-C5BE-2C41-103F-F67D4173AD2B" name="EMAIL_UK">
<createdBy>IoanC</createdBy>
<createdTime>2023-11-02 13:58:35 UTC</createdTime>
<ownerDesignName>bdp</ownerDesignName>
<engineerTo>
<item key="1156503B-766E-8DFB-72A0-C38324AD2B68" value="true"/>
</engineerTo>
<newElementsIDs>645286FB-7617-134E-B8A0-7FD7A18CA8B3</newElementsIDs>
<usedAttributes>
<attributeRef>645286FB-7617-134E-B8A0-7FD7A18CA8B3</attributeRef>
</usedAttributes>
</identifier>
<identifier id="0664545C-3965-8C0A-C987-A53714C3E445" name="ID_USER_PK">
<createdBy>IoanC</createdBy>
<createdTime>2023-11-02 13:59:27 UTC</createdTime>
<ownerDesignName>bdp</ownerDesignName>
<engineerTo>
<item key="1156503B-766E-8DFB-72A0-C38324AD2B68" value="true"/>
</engineerTo>
<pk>true</pk>
<newElementsIDs>EEBFDF1D-5256-9C72-3279-C4D38EF74437</newElementsIDs>
<usedAttributes>
<attributeRef>EEBFDF1D-5256-9C72-3279-C4D38EF74437</attributeRef>
</usedAttributes>
</identifier>
</identifiers>
</Entity>