<?xml version = '1.0' encoding = 'UTF-8'?>
<FKIndexAssociation class="oracle.dbtools.crest.model.design.relational.FKIndexAssociation" directorySegmentName="seg_0" id="1E0F74D1-FBA9-18DE-04D6-6957CEDCEEEA" containerWithKeyObject="E015D702-20DC-E646-9472-7EE924F3AE64" localFKIndex="2FADC2CA-4AB7-6514-0950-2132078A902F" name="USER_PROFILE_FK">
<createdBy>IoanC</createdBy>
<createdTime>2023-11-15 18:31:39 UTC</createdTime>
<generatorID>40053A63-3126-E608-7911-D9007D6A292B</generatorID>
<ownerDesignName>bdp</ownerDesignName>
<referredTableLongName>USER</referredTableLongName>
<deleteRule>NO ACTION</deleteRule>
<referredTableID>896FD7ED-DFFD-A0D0-617E-33D1A9ECA04A</referredTableID>
<keyObject>D86F0B60-26A8-3378-1680-90FD284ED5F4</keyObject>
<referredKeyID>D86F0B60-26A8-3378-1680-90FD284ED5F4</referredKeyID>
<mandatory>true</mandatory>
<refColNames>ID_USER</refColNames>
<transferable>true</transferable>
<rely>false</rely>
<columnDependencyConstraintGenerateInDDL>true</columnDependencyConstraintGenerateInDDL>
</FKIndexAssociation>