<?xml version = '1.0' encoding = 'UTF-8'?>
<FKIndexAssociation class="oracle.dbtools.crest.model.design.relational.FKIndexAssociation" directorySegmentName="seg_0" id="36A29145-1F4E-86C1-FC8E-D198FFE86247" containerWithKeyObject="A5096FFD-5BC7-3739-4A5E-9CDD0954CE5A" localFKIndex="40604E90-BE7E-B196-4DCA-25607C92DD4B" name="TAGS_POST_TAGS">
<createdBy>IoanC</createdBy>
<createdTime>2023-11-15 18:31:39 UTC</createdTime>
<generatorID>67CD208F-0D6E-31EB-1773-47223252C15F</generatorID>
<ownerDesignName>bdp</ownerDesignName>
<referredTableLongName>TAGS</referredTableLongName>
<deleteRule>NO ACTION</deleteRule>
<referredTableID>E1014074-79C1-2476-3C71-68C732792448</referredTableID>
<keyObject>9DC78688-AB8D-7524-E583-0082EE3560F9</keyObject>
<referredKeyID>9DC78688-AB8D-7524-E583-0082EE3560F9</referredKeyID>
<mandatory>true</mandatory>
<refColNames>ID_TAG</refColNames>
<transferable>true</transferable>
<rely>false</rely>
<columnDependencyConstraintGenerateInDDL>true</columnDependencyConstraintGenerateInDDL>
</FKIndexAssociation>