<?xml version = '1.0' encoding = 'UTF-8'?>
<FKIndexAssociation class="oracle.dbtools.crest.model.design.relational.FKIndexAssociation" directorySegmentName="seg_0" id="50B08953-BA80-DB50-3C20-08D6893C9386" containerWithKeyObject="06FA3CBA-68FE-1F7C-EFF0-F810191BD33E" localFKIndex="113C15CC-05B7-6C50-46E9-095A6C689D66" name="POST_FEEDBACK_FK">
<createdBy>IoanC</createdBy>
<createdTime>2023-11-15 18:31:39 UTC</createdTime>
<generatorID>D7FAD8DE-4583-2616-D6BC-DE24DDAC5EBA</generatorID>
<ownerDesignName>bdp</ownerDesignName>
<referredTableLongName>POST</referredTableLongName>
<deleteRule>NO ACTION</deleteRule>
<referredTableID>B355C1C7-6401-5F2D-B6AA-A2D47EB55443</referredTableID>
<keyObject>DB3CB5D6-C15C-7559-96D6-9B05C6EA3F5E</keyObject>
<referredKeyID>DB3CB5D6-C15C-7559-96D6-9B05C6EA3F5E</referredKeyID>
<mandatory>true</mandatory>
<refColNames>ID_POST</refColNames>
<transferable>true</transferable>
<rely>false</rely>
<columnDependencyConstraintGenerateInDDL>true</columnDependencyConstraintGenerateInDDL>
</FKIndexAssociation>