<?xml version = '1.0' encoding = 'UTF-8'?>
<FKIndexAssociation class="oracle.dbtools.crest.model.design.relational.FKIndexAssociation" directorySegmentName="seg_0" id="7343B40C-1953-8B73-35E8-295F6F286B1F" containerWithKeyObject="A5096FFD-5BC7-3739-4A5E-9CDD0954CE5A" localFKIndex="F7393BED-3078-B9FB-EDE8-361041D22F29" name="POST_POST_TAGS">
<createdBy>IoanC</createdBy>
<createdTime>2023-11-15 18:31:39 UTC</createdTime>
<generatorID>008681B9-A251-EBEC-0C33-4202BED250F2</generatorID>
<ownerDesignName>bdp</ownerDesignName>
<referredTableLongName>POST</referredTableLongName>
<deleteRule>NO ACTION</deleteRule>
<referredTableID>B355C1C7-6401-5F2D-B6AA-A2D47EB55443</referredTableID>
<keyObject>DB3CB5D6-C15C-7559-96D6-9B05C6EA3F5E</keyObject>
<referredKeyID>DB3CB5D6-C15C-7559-96D6-9B05C6EA3F5E</referredKeyID>
<mandatory>true</mandatory>
<refColNames>ID_POST</refColNames>
<transferable>true</transferable>
<rely>false</rely>
<columnDependencyConstraintGenerateInDDL>true</columnDependencyConstraintGenerateInDDL>
</FKIndexAssociation>