<?xml version = '1.0' encoding = 'UTF-8'?>
<FKIndexAssociation class="oracle.dbtools.crest.model.design.relational.FKIndexAssociation" directorySegmentName="seg_0" id="7CD3A6B4-E90B-35F0-E426-4DBDA92C195A" containerWithKeyObject="B355C1C7-6401-5F2D-B6AA-A2D47EB55443" localFKIndex="E1C39F18-CA4A-5744-EF8F-E90FD94D0CB4" name="USER_POST_FK">
<createdBy>IoanC</createdBy>
<createdTime>2023-11-15 18:31:39 UTC</createdTime>
<generatorID>CAB8550E-AC35-26B5-C87B-B3C86227CABC</generatorID>
<ownerDesignName>bdp</ownerDesignName>
<referredTableLongName>USER</referredTableLongName>
<deleteRule>NO ACTION</deleteRule>
<referredTableID>896FD7ED-DFFD-A0D0-617E-33D1A9ECA04A</referredTableID>
<keyObject>D86F0B60-26A8-3378-1680-90FD284ED5F4</keyObject>
<referredKeyID>D86F0B60-26A8-3378-1680-90FD284ED5F4</referredKeyID>
<mandatory>true</mandatory>
<refColNames>ID_USER</refColNames>
<transferable>true</transferable>
<rely>false</rely>
<columnDependencyConstraintGenerateInDDL>true</columnDependencyConstraintGenerateInDDL>
</FKIndexAssociation>