<?xml version = '1.0' encoding = 'UTF-8'?>
<FKIndexAssociation class="oracle.dbtools.crest.model.design.relational.FKIndexAssociation" directorySegmentName="seg_0" id="943B7624-D0F9-0B71-4626-EF2943AFE366" containerWithKeyObject="20813DF1-5D63-F6C6-34C5-E0810FF1773B" localFKIndex="023EA473-F322-77C8-4980-FC1C9D8E57D5" name="USER_COMMENT_FK">
<createdBy>IoanC</createdBy>
<createdTime>2023-11-15 18:31:39 UTC</createdTime>
<generatorID>4B67074F-F906-00D0-BBD3-C7EB469FAC00</generatorID>
<ownerDesignName>bdp</ownerDesignName>
<referredTableLongName>USER</referredTableLongName>
<deleteRule>NO ACTION</deleteRule>
<referredTableID>896FD7ED-DFFD-A0D0-617E-33D1A9ECA04A</referredTableID>
<keyObject>D86F0B60-26A8-3378-1680-90FD284ED5F4</keyObject>
<referredKeyID>D86F0B60-26A8-3378-1680-90FD284ED5F4</referredKeyID>
<mandatory>true</mandatory>
<refColNames>ID_USER</refColNames>
<transferable>true</transferable>
<rely>false</rely>
<columnDependencyConstraintGenerateInDDL>true</columnDependencyConstraintGenerateInDDL>
</FKIndexAssociation>