<?xml version = '1.0' encoding = 'UTF-8'?>
<FKIndexAssociation class="oracle.dbtools.crest.model.design.relational.FKIndexAssociation" directorySegmentName="seg_0" id="997C6776-010D-3147-11C0-2F253C9286DA" containerWithKeyObject="06FA3CBA-68FE-1F7C-EFF0-F810191BD33E" localFKIndex="D09089F5-BB7A-01AF-042E-92DC648652CD" name="USER_FEEDBACK_FK">
<createdBy>IoanC</createdBy>
<createdTime>2023-11-15 18:31:39 UTC</createdTime>
<generatorID>BC866FC2-8AD1-9EDD-0515-CD9C24E3CBF2</generatorID>
<ownerDesignName>bdp</ownerDesignName>
<referredTableLongName>USER</referredTableLongName>
<deleteRule>NO ACTION</deleteRule>
<referredTableID>896FD7ED-DFFD-A0D0-617E-33D1A9ECA04A</referredTableID>
<keyObject>D86F0B60-26A8-3378-1680-90FD284ED5F4</keyObject>
<referredKeyID>D86F0B60-26A8-3378-1680-90FD284ED5F4</referredKeyID>
<mandatory>true</mandatory>
<refColNames>ID_USER</refColNames>
<transferable>true</transferable>
<rely>false</rely>
<columnDependencyConstraintGenerateInDDL>true</columnDependencyConstraintGenerateInDDL>
</FKIndexAssociation>