<?xml version = '1.0' encoding = 'UTF-8'?>
<FKIndexAssociation class="oracle.dbtools.crest.model.design.relational.FKIndexAssociation" directorySegmentName="seg_0" id="A1647976-DB5B-9D24-E63E-D6795C9D02FC" containerWithKeyObject="20813DF1-5D63-F6C6-34C5-E0810FF1773B" localFKIndex="F7A94E1D-8EAA-9408-B522-2197DB026DE1" name="POST_COMMENT_FK">
<createdBy>IoanC</createdBy>
<createdTime>2023-11-15 18:31:39 UTC</createdTime>
<generatorID>36A50F2B-EC28-EB3D-1F40-5EC1092EAB89</generatorID>
<ownerDesignName>bdp</ownerDesignName>
<referredTableLongName>POST</referredTableLongName>
<deleteRule>NO ACTION</deleteRule>
<referredTableID>B355C1C7-6401-5F2D-B6AA-A2D47EB55443</referredTableID>
<keyObject>DB3CB5D6-C15C-7559-96D6-9B05C6EA3F5E</keyObject>
<referredKeyID>DB3CB5D6-C15C-7559-96D6-9B05C6EA3F5E</referredKeyID>
<mandatory>true</mandatory>
<refColNames>ID_POST</refColNames>
<transferable>true</transferable>
<rely>false</rely>
<columnDependencyConstraintGenerateInDDL>true</columnDependencyConstraintGenerateInDDL>
</FKIndexAssociation>