<?xml version = '1.0' encoding = 'UTF-8'?>
<FKIndexAssociation class="oracle.dbtools.crest.model.design.relational.FKIndexAssociation" directorySegmentName="seg_0" id="DADA9C4F-A95B-D1C4-DB5A-CDAC9BE2919D" containerWithKeyObject="B355C1C7-6401-5F2D-B6AA-A2D47EB55443" localFKIndex="04A9084A-03D0-C62E-3D6D-B3444A01AB23" name="CATEGORY_POST_FK">
<createdBy>IoanC</createdBy>
<createdTime>2023-11-15 18:31:39 UTC</createdTime>
<generatorID>CC4150BA-DF92-E870-2572-3B9812B8B4F9</generatorID>
<ownerDesignName>bdp</ownerDesignName>
<referredTableLongName>CATEGORY</referredTableLongName>
<deleteRule>NO ACTION</deleteRule>
<referredTableID>1676A31E-35DF-EC06-AE43-DA9740E8ABD6</referredTableID>
<keyObject>0E785BA8-3EE2-61CF-56B4-6D525CC4D6F4</keyObject>
<referredKeyID>0E785BA8-3EE2-61CF-56B4-6D525CC4D6F4</referredKeyID>
<mandatory>true</mandatory>
<refColNames>ID_CATEGORY</refColNames>
<transferable>true</transferable>
<rely>false</rely>
<columnDependencyConstraintGenerateInDDL>true</columnDependencyConstraintGenerateInDDL>
</FKIndexAssociation>