<?xml version = '1.0' encoding = 'UTF-8'?>
<Diagram class="oracle.dbtools.crest.swingui.relational.DPVRelational" name="Relational_1" id="0B79717C-195B-BD6E-8AB7-4797F6477F88">
<createdBy>IoanC</createdBy>
<modifiedBy>IoanC</modifiedBy>
<createdTime>2023-11-15 18:31:27 UTC</createdTime>
<autoRoute>false</autoRoute>
<boxInbox>true</boxInbox>
<showLegend>false</showLegend>
<showLabels>false</showLabels>
<showRelAttributes>false</showRelAttributes>
<gridEnabled>false</gridEnabled>
<showGrid>false</showGrid>
<diagramColor>-1</diagramColor>
<display>false</display>
<notation>1</notation>
<objectViews>
<OView class="oracle.dbtools.crest.swingui.relational.TVTable" oid="06FA3CBA-68FE-1F7C-EFF0-F810191BD33E" otype="Table" vid="8E0DC0C8-D5DB-1E41-F749-771209D0387C">
<hideElementsInCurrentOnly>false</hideElementsInCurrentOnly>
<bounds x="221" y="353" width="474" height="182"/>
</OView>
<OView class="oracle.dbtools.crest.swingui.relational.TVTable" oid="1676A31E-35DF-EC06-AE43-DA9740E8ABD6" otype="Table" vid="19FC4011-A414-E8E3-2087-287E311EBC8F">
<hideElementsInCurrentOnly>false</hideElementsInCurrentOnly>
<bounds x="1222" y="26" width="256" height="110"/>
</OView>
<OView class="oracle.dbtools.crest.swingui.relational.TVTable" oid="20813DF1-5D63-F6C6-34C5-E0810FF1773B" otype="Table" vid="528D9CFE-DE6E-8077-E1AA-12996E54BE3B">
<hideElementsInCurrentOnly>false</hideElementsInCurrentOnly>
<bounds x="474" y="551" width="499" height="200"/>
</OView>
<OView class="oracle.dbtools.crest.swingui.relational.TVTable" oid="896FD7ED-DFFD-A0D0-617E-33D1A9ECA04A" otype="Table" vid="D83D6672-F29C-5C78-EFD4-69830847A8D6">
<hideElementsInCurrentOnly>false</hideElementsInCurrentOnly>
<bounds x="795" y="85" width="254" height="171"/>
</OView>
<OView class="oracle.dbtools.crest.swingui.relational.TVTable" oid="A5096FFD-5BC7-3739-4A5E-9CDD0954CE5A" otype="Table" vid="AA13EF69-823B-F7AF-7FB5-F2E74BB58867">
<hideElementsInCurrentOnly>false</hideElementsInCurrentOnly>
<bounds x="1149" y="655" width="297" height="138"/>
</OView>
<OView class="oracle.dbtools.crest.swingui.relational.TVTable" oid="B355C1C7-6401-5F2D-B6AA-A2D47EB55443" otype="Table" vid="AB6B796C-D8A2-69C3-B4A0-44F9BEAD5C8A">
<hideElementsInCurrentOnly>false</hideElementsInCurrentOnly>
<bounds x="1054" y="324" width="302" height="198"/>
</OView>
<OView class="oracle.dbtools.crest.swingui.relational.TVTable" oid="E015D702-20DC-E646-9472-7EE924F3AE64" otype="Table" vid="551A11D5-BECB-00A8-95A0-2773DD38A399">
<hideElementsInCurrentOnly>false</hideElementsInCurrentOnly>
<bounds x="236" y="97" width="290" height="200"/>
</OView>
<OView class="oracle.dbtools.crest.swingui.relational.TVTable" oid="E1014074-79C1-2476-3C71-68C732792448" otype="Table" vid="9DBC430D-351A-9203-EEBA-61FC68BFB4C3">
<hideElementsInCurrentOnly>false</hideElementsInCurrentOnly>
<bounds x="1416" y="448" width="310" height="136"/>
</OView>
</objectViews>
<connectors>
<Connector class="oracle.dbtools.crest.swingui.relational.TVFKRelation" oid="1E0F74D1-FBA9-18DE-04D6-6957CEDCEEEA" otype="FKIndexAssociation" vid_source="D83D6672-F29C-5C78-EFD4-69830847A8D6" vid_target="551A11D5-BECB-00A8-95A0-2773DD38A399">
<hideElementsInCurrentOnly>false</hideElementsInCurrentOnly>
<backgroundColor>-16777216</backgroundColor>
<lineWidth>1</lineWidth>
<points>
<point x="795" y="176"/>
<point x="526" y="176"/>
</points>
</Connector>
<Connector class="oracle.dbtools.crest.swingui.relational.TVFKRelation" oid="36A29145-1F4E-86C1-FC8E-D198FFE86247" otype="FKIndexAssociation" vid_source="9DBC430D-351A-9203-EEBA-61FC68BFB4C3" vid_target="AA13EF69-823B-F7AF-7FB5-F2E74BB58867">
<hideElementsInCurrentOnly>false</hideElementsInCurrentOnly>
<backgroundColor>-16777216</backgroundColor>
<lineWidth>1</lineWidth>
<points>
<point x="1431" y="584"/>
<point x="1431" y="655"/>
</points>
</Connector>
<Connector class="oracle.dbtools.crest.swingui.relational.TVFKRelation" oid="50B08953-BA80-DB50-3C20-08D6893C9386" otype="FKIndexAssociation" vid_source="AB6B796C-D8A2-69C3-B4A0-44F9BEAD5C8A" vid_target="8E0DC0C8-D5DB-1E41-F749-771209D0387C">
<hideElementsInCurrentOnly>false</hideElementsInCurrentOnly>
<backgroundColor>-16777216</backgroundColor>
<lineWidth>1</lineWidth>
<points>
<point x="1054" y="437"/>
<point x="695" y="437"/>
</points>
</Connector>
<Connector class="oracle.dbtools.crest.swingui.relational.TVFKRelation" oid="7343B40C-1953-8B73-35E8-295F6F286B1F" otype="FKIndexAssociation" vid_source="AB6B796C-D8A2-69C3-B4A0-44F9BEAD5C8A" vid_target="AA13EF69-823B-F7AF-7FB5-F2E74BB58867">
<hideElementsInCurrentOnly>false</hideElementsInCurrentOnly>
<backgroundColor>-16777216</backgroundColor>
<lineWidth>1</lineWidth>
<points>
<point x="1267" y="522"/>
<point x="1267" y="655"/>
</points>
</Connector>
<Connector class="oracle.dbtools.crest.swingui.relational.TVFKRelation" oid="7CD3A6B4-E90B-35F0-E426-4DBDA92C195A" otype="FKIndexAssociation" vid_source="D83D6672-F29C-5C78-EFD4-69830847A8D6" vid_target="AB6B796C-D8A2-69C3-B4A0-44F9BEAD5C8A">
<hideElementsInCurrentOnly>false</hideElementsInCurrentOnly>
<backgroundColor>-16777216</backgroundColor>
<lineWidth>1</lineWidth>
<points>
<point x="1017" y="256"/>
<point x="1094" y="324"/>
</points>
</Connector>
<Connector class="oracle.dbtools.crest.swingui.relational.TVFKRelation" oid="943B7624-D0F9-0B71-4626-EF2943AFE366" otype="FKIndexAssociation" vid_source="D83D6672-F29C-5C78-EFD4-69830847A8D6" vid_target="528D9CFE-DE6E-8077-E1AA-12996E54BE3B">
<hideElementsInCurrentOnly>false</hideElementsInCurrentOnly>
<backgroundColor>-16777216</backgroundColor>
<lineWidth>1</lineWidth>
<points>
<point x="884" y="256"/>
<point x="884" y="551"/>
</points>
</Connector>
<Connector class="oracle.dbtools.crest.swingui.relational.TVFKRelation" oid="997C6776-010D-3147-11C0-2F253C9286DA" otype="FKIndexAssociation" vid_source="D83D6672-F29C-5C78-EFD4-69830847A8D6" vid_target="8E0DC0C8-D5DB-1E41-F749-771209D0387C">
<hideElementsInCurrentOnly>false</hideElementsInCurrentOnly>
<backgroundColor>-16777216</backgroundColor>
<lineWidth>1</lineWidth>
<points>
<point x="795" y="245"/>
<point x="612" y="353"/>
</points>
</Connector>
<Connector class="oracle.dbtools.crest.swingui.relational.TVFKRelation" oid="A1647976-DB5B-9D24-E63E-D6795C9D02FC" otype="FKIndexAssociation" vid_source="AB6B796C-D8A2-69C3-B4A0-44F9BEAD5C8A" vid_target="528D9CFE-DE6E-8077-E1AA-12996E54BE3B">
<hideElementsInCurrentOnly>false</hideElementsInCurrentOnly>
<backgroundColor>-16777216</backgroundColor>
<lineWidth>1</lineWidth>
<points>
<point x="1054" y="494"/>
<point x="934" y="551"/>
</points>
</Connector>
<Connector class="oracle.dbtools.crest.swingui.relational.TVFKRelation" oid="DADA9C4F-A95B-D1C4-DB5A-CDAC9BE2919D" otype="FKIndexAssociation" vid_source="19FC4011-A414-E8E3-2087-287E311EBC8F" vid_target="AB6B796C-D8A2-69C3-B4A0-44F9BEAD5C8A">
<hideElementsInCurrentOnly>false</hideElementsInCurrentOnly>
<backgroundColor>-16777216</backgroundColor>
<lineWidth>1</lineWidth>
<points>
<point x="1304" y="136"/>
<point x="1304" y="324"/>
</points>
</Connector>
</connectors>
</Diagram>