<?xml version = '1.0' encoding = 'UTF-8'?>
<Diagram class="oracle.dbtools.crest.swingui.logical.DPVLogical" name="Logical" id="DE13956D-B474-B96B-4C9E-C052B465F0A2">
<createdBy>IoanC</createdBy>
<modifiedBy>IoanC</modifiedBy>
<createdTime>2023-11-02 12:21:54 UTC</createdTime>
<autoRoute>false</autoRoute>
<boxInbox>true</boxInbox>
<showLegend>false</showLegend>
<showLabels>true</showLabels>
<showRelAttributes>false</showRelAttributes>
<gridEnabled>false</gridEnabled>
<showGrid>false</showGrid>
<diagramColor>-1</diagramColor>
<display>false</display>
<notation>1</notation>
<objectViews>
<OView class="oracle.dbtools.crest.swingui.logical.TVEntity" oid="133E8B84-11D3-DCB3-4D98-DF5DF043C631" otype="Entity" vid="3945BDF6-F3DF-00F1-89DF-66B03AA8215B">
<hideElementsInCurrentOnly>false</hideElementsInCurrentOnly>
<bounds x="1222" y="26" width="256" height="110"/>
</OView>
<OView class="oracle.dbtools.crest.swingui.logical.TVEntity" oid="53413DD9-2C58-9596-C4A1-A766298646C8" otype="Entity" vid="218B933D-C031-2A9F-7088-E5F9F75EF47A">
<hideElementsInCurrentOnly>false</hideElementsInCurrentOnly>
<bounds x="1054" y="324" width="293" height="106"/>
</OView>
<OView class="oracle.dbtools.crest.swingui.logical.TVEntity" oid="5B7A69BE-3336-3F9B-7B88-78B1C13EF816" otype="Entity" vid="3CADD4C7-AB35-7CF6-4B20-377F306D1324">
<hideElementsInCurrentOnly>false</hideElementsInCurrentOnly>
<bounds x="1416" y="448" width="310" height="136"/>
</OView>
<OView class="oracle.dbtools.crest.swingui.logical.TVEntity" oid="66885B21-ED8C-ED66-383C-FF416F8926FA" otype="Entity" vid="E597EC82-EC63-308C-0619-6AE25B1BF24B">
<hideElementsInCurrentOnly>false</hideElementsInCurrentOnly>
<bounds x="221" y="353" width="460" height="126"/>
</OView>
<OView class="oracle.dbtools.crest.swingui.logical.TVEntity" oid="D17C6D34-8A1A-0F3B-BD17-6FB4A7F1D867" otype="Entity" vid="7B8C1C97-DF38-15AA-73F6-C8638CB37E80">
<hideElementsInCurrentOnly>false</hideElementsInCurrentOnly>
<bounds x="474" y="551" width="440" height="132"/>
</OView>
<OView class="oracle.dbtools.crest.swingui.logical.TVEntity" oid="D90C57A9-4A6E-9B99-D28E-612E7DBE682C" otype="Entity" vid="04073CAF-3DD1-53D0-1DF5-000E85427532">
<hideElementsInCurrentOnly>false</hideElementsInCurrentOnly>
<bounds x="236" y="97" width="233" height="126"/>
</OView>
<OView class="oracle.dbtools.crest.swingui.logical.TVEntity" oid="E5E8E790-CA3E-6F77-A5E7-6AE3C50C60EE" otype="Entity" vid="7A1F0379-BA1F-1135-8387-A46453F2C1BC">
<hideElementsInCurrentOnly>false</hideElementsInCurrentOnly>
<bounds x="1149" y="655" width="256" height="100"/>
</OView>
<OView class="oracle.dbtools.crest.swingui.logical.TVEntity" oid="E6077431-6131-F4C1-30E4-0259B95F4341" otype="Entity" vid="D5D5F19D-94D4-CE1A-9FD4-DE6E29889AF6">
<hideElementsInCurrentOnly>false</hideElementsInCurrentOnly>
<bounds x="795" y="85" width="238" height="143"/>
</OView>
</objectViews>
<connectors>
<Connector class="oracle.dbtools.crest.swingui.logical.TVRelation" oid="008681B9-A251-EBEC-0C33-4202BED250F2" otype="Relation" vid_source="218B933D-C031-2A9F-7088-E5F9F75EF47A" vid_target="7A1F0379-BA1F-1135-8387-A46453F2C1BC">
<hideElementsInCurrentOnly>false</hideElementsInCurrentOnly>
<backgroundColor>-16777216</backgroundColor>
<lineWidth>1</lineWidth>
<points>
<point x="1248" y="430"/>
<point x="1248" y="655"/>
</points>
</Connector>
<Connector class="oracle.dbtools.crest.swingui.logical.TVRelation" oid="36A50F2B-EC28-EB3D-1F40-5EC1092EAB89" otype="Relation" vid_source="218B933D-C031-2A9F-7088-E5F9F75EF47A" vid_target="7B8C1C97-DF38-15AA-73F6-C8638CB37E80">
<hideElementsInCurrentOnly>false</hideElementsInCurrentOnly>
<backgroundColor>-16777216</backgroundColor>
<lineWidth>1</lineWidth>
<sourceLabel class="oracle.dbtools.crest.model.design.Label">
<site>0</site>
<labelBounds x="1088" y="466" width="84" height="30"/>
<noBackgroundColor>true</noBackgroundColor>
<noForegroundColor>true</noForegroundColor>
</sourceLabel>
<targetLabel class="oracle.dbtools.crest.model.design.Label">
<site>2</site>
<labelBounds x="924" y="561" width="92" height="30"/>
<noBackgroundColor>true</noBackgroundColor>
<noForegroundColor>true</noForegroundColor>
</targetLabel>
<points>
<point x="1088" y="430"/>
<point x="914" y="561"/>
</points>
</Connector>
<Connector class="oracle.dbtools.crest.swingui.logical.TVRelation" oid="40053A63-3126-E608-7911-D9007D6A292B" otype="Relation" vid_source="D5D5F19D-94D4-CE1A-9FD4-DE6E29889AF6" vid_target="04073CAF-3DD1-53D0-1DF5-000E85427532">
<hideElementsInCurrentOnly>false</hideElementsInCurrentOnly>
<backgroundColor>-16777216</backgroundColor>
<lineWidth>1</lineWidth>
<sourceLabel class="oracle.dbtools.crest.model.design.Label">
<site>0</site>
<labelBounds x="707" y="130" width="82" height="30"/>
<noBackgroundColor>true</noBackgroundColor>
<noForegroundColor>true</noForegroundColor>
</sourceLabel>
<targetLabel class="oracle.dbtools.crest.model.design.Label">
<site>2</site>
<labelBounds x="479" y="163" width="81" height="32"/>
<noBackgroundColor>true</noBackgroundColor>
<noForegroundColor>true</noForegroundColor>
</targetLabel>
<points>
<point x="795" y="160"/>
<point x="469" y="160"/>
</points>
</Connector>
<Connector class="oracle.dbtools.crest.swingui.logical.TVRelation" oid="4B67074F-F906-00D0-BBD3-C7EB469FAC00" otype="Relation" vid_source="D5D5F19D-94D4-CE1A-9FD4-DE6E29889AF6" vid_target="7B8C1C97-DF38-15AA-73F6-C8638CB37E80">
<hideElementsInCurrentOnly>false</hideElementsInCurrentOnly>
<backgroundColor>-16777216</backgroundColor>
<lineWidth>1</lineWidth>
<sourceLabel class="oracle.dbtools.crest.model.design.Label">
<site>0</site>
<labelBounds x="854" y="272" width="66" height="30"/>
<noBackgroundColor>true</noBackgroundColor>
<noForegroundColor>true</noForegroundColor>
</sourceLabel>
<targetLabel class="oracle.dbtools.crest.model.design.Label">
<site>2</site>
<labelBounds x="854" y="507" width="112" height="30"/>
<noBackgroundColor>true</noBackgroundColor>
<noForegroundColor>true</noForegroundColor>
</targetLabel>
<points>
<point x="854" y="228"/>
<point x="854" y="551"/>
</points>
</Connector>
<Connector class="oracle.dbtools.crest.swingui.logical.TVRelation" oid="67CD208F-0D6E-31EB-1773-47223252C15F" otype="Relation" vid_source="3CADD4C7-AB35-7CF6-4B20-377F306D1324" vid_target="7A1F0379-BA1F-1135-8387-A46453F2C1BC">
<hideElementsInCurrentOnly>false</hideElementsInCurrentOnly>
<backgroundColor>-16777216</backgroundColor>
<lineWidth>1</lineWidth>
<points>
<point x="1465" y="584"/>
<point x="1354" y="655"/>
</points>
</Connector>
<Connector class="oracle.dbtools.crest.swingui.logical.TVRelation" oid="BC866FC2-8AD1-9EDD-0515-CD9C24E3CBF2" otype="Relation" vid_source="D5D5F19D-94D4-CE1A-9FD4-DE6E29889AF6" vid_target="E597EC82-EC63-308C-0619-6AE25B1BF24B">
<hideElementsInCurrentOnly>false</hideElementsInCurrentOnly>
<backgroundColor>-16777216</backgroundColor>
<lineWidth>1</lineWidth>
<sourceLabel class="oracle.dbtools.crest.model.design.Label">
<site>0</site>
<labelBounds x="723" y="223" width="66" height="30"/>
<noBackgroundColor>true</noBackgroundColor>
<noForegroundColor>true</noForegroundColor>
</sourceLabel>
<targetLabel class="oracle.dbtools.crest.model.design.Label">
<site>2</site>
<labelBounds x="563" y="317" width="94" height="30"/>
<noBackgroundColor>true</noBackgroundColor>
<noForegroundColor>true</noForegroundColor>
</targetLabel>
<points>
<point x="795" y="223"/>
<point x="563" y="353"/>
</points>
</Connector>
<Connector class="oracle.dbtools.crest.swingui.logical.TVRelation" oid="CAB8550E-AC35-26B5-C87B-B3C86227CABC" otype="Relation" vid_source="D5D5F19D-94D4-CE1A-9FD4-DE6E29889AF6" vid_target="218B933D-C031-2A9F-7088-E5F9F75EF47A">
<hideElementsInCurrentOnly>false</hideElementsInCurrentOnly>
<backgroundColor>-16777216</backgroundColor>
<lineWidth>1</lineWidth>
<sourceLabel class="oracle.dbtools.crest.model.design.Label">
<site>0</site>
<labelBounds x="1006" y="264" width="68" height="30"/>
<noBackgroundColor>true</noBackgroundColor>
<noForegroundColor>true</noForegroundColor>
</sourceLabel>
<targetLabel class="oracle.dbtools.crest.model.design.Label">
<site>2</site>
<labelBounds x="1131" y="288" width="76" height="30"/>
<noBackgroundColor>true</noBackgroundColor>
<noForegroundColor>true</noForegroundColor>
</targetLabel>
<points>
<point x="1006" y="228"/>
<point x="1131" y="324"/>
</points>
</Connector>
<Connector class="oracle.dbtools.crest.swingui.logical.TVRelation" oid="CC4150BA-DF92-E870-2572-3B9812B8B4F9" otype="Relation" vid_source="3945BDF6-F3DF-00F1-89DF-66B03AA8215B" vid_target="218B933D-C031-2A9F-7088-E5F9F75EF47A">
<hideElementsInCurrentOnly>false</hideElementsInCurrentOnly>
<backgroundColor>-16777216</backgroundColor>
<lineWidth>1</lineWidth>
<sourceLabel class="oracle.dbtools.crest.model.design.Label">
<site>0</site>
<labelBounds x="1299" y="172" width="81" height="30"/>
<noBackgroundColor>true</noBackgroundColor>
<noForegroundColor>true</noForegroundColor>
</sourceLabel>
<targetLabel class="oracle.dbtools.crest.model.design.Label">
<site>2</site>
<labelBounds x="1299" y="264" width="76" height="30"/>
<noBackgroundColor>true</noBackgroundColor>
<noForegroundColor>true</noForegroundColor>
</targetLabel>
<points>
<point x="1299" y="136"/>
<point x="1299" y="324"/>
</points>
</Connector>
<Connector class="oracle.dbtools.crest.swingui.logical.TVRelation" oid="D7FAD8DE-4583-2616-D6BC-DE24DDAC5EBA" otype="Relation" vid_source="218B933D-C031-2A9F-7088-E5F9F75EF47A" vid_target="E597EC82-EC63-308C-0619-6AE25B1BF24B">
<hideElementsInCurrentOnly>false</hideElementsInCurrentOnly>
<backgroundColor>-16777216</backgroundColor>
<lineWidth>1</lineWidth>
<sourceLabel class="oracle.dbtools.crest.model.design.Label">
<site>0</site>
<labelBounds x="967" y="361" width="81" height="30"/>
<noBackgroundColor>true</noBackgroundColor>
<noForegroundColor>true</noForegroundColor>
</sourceLabel>
<targetLabel class="oracle.dbtools.crest.model.design.Label">
<site>2</site>
<labelBounds x="691" y="394" width="85" height="30"/>
<noBackgroundColor>true</noBackgroundColor>
<noForegroundColor>true</noForegroundColor>
</targetLabel>
<points>
<point x="1054" y="391"/>
<point x="681" y="391"/>
</points>
</Connector>
</connectors>
</Diagram>