<?xml version = '1.0' encoding = 'UTF-8'?>
<TriggerOraclev10g class="oracle.dbtools.crest.model.design.storage.oracle.v10g.TriggerOraclev10g" name="trg_POST_BRIU" directorySegmentName="seg_0" id="5805C94A-B2D4-9611-7D0A-2E8EBBE7B552">
<createdBy>IoanC</createdBy>
<createdTime>2023-12-20 18:36:10 UTC</createdTime>
<ownerDesignName>bdp</ownerDesignName>
<actions>INSERT, UPDATE</actions>
<body><![CDATA[BEGIN
IF( :new.POST_DATE > SYSDATE)
THEN
RAISE_APPLICATION_ERROR( -20001,
'Data invalida: ' || TO_CHAR( :new.POST_DATE, 'DD.MM.YYYY HH24:MI:SS' ) || ' trebuie sa fie mai mica sau egala cu data curenta.' );
END IF;
END;]]></body>
<triggerTime>BEFORE</triggerTime>
<table>B355C1C7-6401-5F2D-B6AA-A2D47EB55443</table>
</TriggerOraclev10g>