<?xml version = '1.0' encoding = 'UTF-8'?>
<TriggerOraclev10g class="oracle.dbtools.crest.model.design.storage.oracle.v10g.TriggerOraclev10g" name="trg1_USER_BRIU" directorySegmentName="seg_0" id="B517E64C-A206-046F-2260-72993A7BD91E">
<createdBy>IoanC</createdBy>
<createdTime>2023-12-20 18:48:26 UTC</createdTime>
<ownerDesignName>bdp</ownerDesignName>
<actions>INSERT, UPDATE</actions>
<body><![CDATA[BEGIN
IF( :new.LAST_LOGIN > SYSDATE)
THEN
RAISE_APPLICATION_ERROR( -20001,
'Data invalida: ' || TO_CHAR( :new.LAST_LOGIN, 'DD.MM.YYYY HH24:MI:SS' ) || ' trebuie sa fie mai mica sau egala cu data curenta.' );
END IF;
END;]]></body>
<triggerTime>BEFORE</triggerTime>
<table>896FD7ED-DFFD-A0D0-617E-33D1A9ECA04A</table>
</TriggerOraclev10g>