<?xml version = '1.0' encoding = 'UTF-8'?>
<TriggerOraclev10g class="oracle.dbtools.crest.model.design.storage.oracle.v10g.TriggerOraclev10g" name="trg_USER_BRIU" directorySegmentName="seg_0" id="DCC14EBC-E4B0-235E-8C7D-0B907FDF8CB9">
<createdBy>IoanC</createdBy>
<createdTime>2023-12-20 18:35:43 UTC</createdTime>
<ownerDesignName>bdp</ownerDesignName>
<actions>INSERT, UPDATE</actions>
<body><![CDATA[BEGIN
IF( :new.REGISTER_DATE > SYSDATE)
THEN
RAISE_APPLICATION_ERROR( -20001,
'Data invalida: ' || TO_CHAR( :new.REGISTER_DATE, 'DD.MM.YYYY HH24:MI:SS' ) || ' trebuie sa fie mai mica sau egala cu data curenta.' );
END IF;
END;]]></body>
<triggerTime>BEFORE</triggerTime>
<table>896FD7ED-DFFD-A0D0-617E-33D1A9ECA04A</table>
</TriggerOraclev10g>