<?xml version = '1.0' encoding = 'UTF-8'?>
<TriggerOraclev10g class="oracle.dbtools.crest.model.design.storage.oracle.v10g.TriggerOraclev10g" name="trg_FEEDBACK_BRIU" directorySegmentName="seg_0" id="F3093EF4-B78B-BDFB-BB24-EBE3521326C5">
<createdBy>IoanC</createdBy>
<createdTime>2023-12-20 18:37:16 UTC</createdTime>
<ownerDesignName>bdp</ownerDesignName>
<actions>INSERT, UPDATE</actions>
<body><![CDATA[BEGIN
IF( :new.FEEDBACK_DATE > SYSDATE)
THEN
RAISE_APPLICATION_ERROR( -20001,
'Data invalida: ' || TO_CHAR( :new.FEEDBACK_DATE, 'DD.MM.YYYY HH24:MI:SS' ) || ' trebuie sa fie mai mica sau egala cu data curenta.' );
END IF;
END;]]></body>
<triggerTime>BEFORE</triggerTime>
<table>06FA3CBA-68FE-1F7C-EFF0-F810191BD33E</table>
</TriggerOraclev10g>