<?xml version = '1.0' encoding = 'UTF-8'?>
<TriggerOraclev10g class="oracle.dbtools.crest.model.design.storage.oracle.v10g.TriggerOraclev10g" name="trg_COMMENT_BRIU" directorySegmentName="seg_0" id="F3100450-C8F0-C3AA-9BC0-68F145E9FBDA">
<createdBy>IoanC</createdBy>
<createdTime>2023-12-20 18:37:59 UTC</createdTime>
<ownerDesignName>bdp</ownerDesignName>
<body><![CDATA[BEGIN
IF( :new.COMMENT_DATE> SYSDATE)
THEN
RAISE_APPLICATION_ERROR( -20001,
'Data invalida: ' || TO_CHAR( :new.COMMENT_DATE, 'DD.MM.YYYY HH24:MI:SS' ) || ' trebuie sa fie mai mica sau egala cu data curenta.' );
END IF;
END;]]></body>
<triggerTime>BEFORE</triggerTime>
<table>20813DF1-5D63-F6C6-34C5-E0810FF1773B</table>
</TriggerOraclev10g>