<?xml version = '1.0' encoding = 'UTF-8'?>
<TableProxyOraclev12c class="oracle.dbtools.crest.model.design.storage.oracle.v12c.TableProxyOraclev12c" name="FEEDBACK" directorySegmentName="seg_0" id="06FA3CBA-68FE-1F7C-EFF0-F810191BD33E">
<createdBy>IoanC</createdBy>
<createdTime>2023-12-20 18:25:06 UTC</createdTime>
<ownerDesignName>bdp</ownerDesignName>
<logging>YES</logging>
<partitionedRowMovement>DISABLE</partitionedRowMovement>
<temporaryChanged>false</temporaryChanged>
<accessDriverType>oracle_loader</accessDriverType>
<rejectLimit></rejectLimit>
<columnProxies itemClass="oracle.dbtools.crest.model.design.storage.oracle.v12c.ColumnProxyOraclev12c">
<ColumnProxy name="ID_USER" id="61AC177C-2FD9-1979-20E3-A591C997AD4F">
<createdBy>IoanC</createdBy>
<createdTime>2023-12-20 18:25:06 UTC</createdTime>
<ownerDesignName>bdp</ownerDesignName>
</ColumnProxy>
<ColumnProxy name="TYPE" id="A5529C05-562B-BBD8-9599-43EE80D0A307">
<createdBy>IoanC</createdBy>
<createdTime>2023-12-20 18:25:06 UTC</createdTime>
<ownerDesignName>bdp</ownerDesignName>
</ColumnProxy>
<ColumnProxy name="FEEDBACK_DATE" id="A6E23092-46E6-8010-5D1D-EE3B2685F7DF">
<createdBy>IoanC</createdBy>
<createdTime>2023-12-20 18:25:06 UTC</createdTime>
<ownerDesignName>bdp</ownerDesignName>
</ColumnProxy>
<ColumnProxy name="ID_POST" id="E2A01AC6-AD5D-BAA8-3586-39B9F76CB1BE">
<createdBy>IoanC</createdBy>
<createdTime>2023-12-20 18:25:06 UTC</createdTime>
<ownerDesignName>bdp</ownerDesignName>
</ColumnProxy>
</columnProxies>
<foreignKeys>
<ForeignKey class="oracle.dbtools.crest.model.design.storage.oracle.v10g.FKProxyOraclev10g" name="POST_FEEDBACK_FK" id="113C15CC-05B7-6C50-46E9-095A6C689D66">
<createdBy>IoanC</createdBy>
<createdTime>2023-12-20 18:25:06 UTC</createdTime>
<ownerDesignName>bdp</ownerDesignName>
</ForeignKey>
<ForeignKey class="oracle.dbtools.crest.model.design.storage.oracle.v10g.FKProxyOraclev10g" name="USER_FEEDBACK_FK" id="D09089F5-BB7A-01AF-042E-92DC648652CD">
<createdBy>IoanC</createdBy>
<createdTime>2023-12-20 18:25:06 UTC</createdTime>
<ownerDesignName>bdp</ownerDesignName>
</ForeignKey>
</foreignKeys>
<primaryKeys>
<PrimaryKey class="oracle.dbtools.crest.model.design.storage.oracle.v10g.PKProxyOraclev10g" name="ID_POST_ID_USER_FK" id="2117D559-176E-E4FB-9EF7-D4B4CA657F04">
<createdBy>IoanC</createdBy>
<createdTime>2023-12-20 18:25:06 UTC</createdTime>
<ownerDesignName>bdp</ownerDesignName>
<indexSort>SORTED</indexSort>
</PrimaryKey>
</primaryKeys>
</TableProxyOraclev12c>