<?xml version = '1.0' encoding = 'UTF-8'?>
<TableProxyOraclev12c class="oracle.dbtools.crest.model.design.storage.oracle.v12c.TableProxyOraclev12c" name="COMMENT" directorySegmentName="seg_0" id="20813DF1-5D63-F6C6-34C5-E0810FF1773B">
<createdBy>IoanC</createdBy>
<createdTime>2023-12-20 18:25:06 UTC</createdTime>
<ownerDesignName>bdp</ownerDesignName>
<logging>YES</logging>
<partitionedRowMovement>DISABLE</partitionedRowMovement>
<temporaryChanged>false</temporaryChanged>
<accessDriverType>oracle_loader</accessDriverType>
<rejectLimit></rejectLimit>
<columnProxies itemClass="oracle.dbtools.crest.model.design.storage.oracle.v12c.ColumnProxyOraclev12c">
<ColumnProxy name="ID_POST" id="31243E62-76CC-8636-AEC3-2278C47AAA21">
<createdBy>IoanC</createdBy>
<createdTime>2023-12-20 18:25:06 UTC</createdTime>
<ownerDesignName>bdp</ownerDesignName>
</ColumnProxy>
<ColumnProxy name="CONTENT" id="7CC90C01-BC90-0685-206D-FB2873E487D8">
<createdBy>IoanC</createdBy>
<createdTime>2023-12-20 18:25:06 UTC</createdTime>
<ownerDesignName>bdp</ownerDesignName>
</ColumnProxy>
<ColumnProxy name="COMMENT_DATE" id="BA76075A-8561-0753-F44F-B7EF75303D41">
<createdBy>IoanC</createdBy>
<createdTime>2023-12-20 18:25:06 UTC</createdTime>
<ownerDesignName>bdp</ownerDesignName>
</ColumnProxy>
<ColumnProxy name="ID_USER" id="D54FD595-3AB7-EDBA-6D6E-BD5848F146D3">
<createdBy>IoanC</createdBy>
<createdTime>2023-12-20 18:25:06 UTC</createdTime>
<ownerDesignName>bdp</ownerDesignName>
</ColumnProxy>
<ColumnProxy name="ID_COMMENT" id="F8A989E7-5B25-A158-0B63-C86AE3A3F560">
<createdBy>IoanC</createdBy>
<createdTime>2023-12-20 18:25:06 UTC</createdTime>
<ownerDesignName>bdp</ownerDesignName>
<autoIncrementDDL>IDENTITY_CLAUSE</autoIncrementDDL>
<notnullConstraintnameChanged>true</notnullConstraintnameChanged>
</ColumnProxy>
</columnProxies>
<foreignKeys>
<ForeignKey class="oracle.dbtools.crest.model.design.storage.oracle.v10g.FKProxyOraclev10g" name="USER_COMMENT_FK" id="023EA473-F322-77C8-4980-FC1C9D8E57D5">
<createdBy>IoanC</createdBy>
<createdTime>2023-12-20 18:25:06 UTC</createdTime>
<ownerDesignName>bdp</ownerDesignName>
</ForeignKey>
<ForeignKey class="oracle.dbtools.crest.model.design.storage.oracle.v10g.FKProxyOraclev10g" name="POST_COMMENT_FK" id="F7A94E1D-8EAA-9408-B522-2197DB026DE1">
<createdBy>IoanC</createdBy>
<createdTime>2023-12-20 18:25:06 UTC</createdTime>
<ownerDesignName>bdp</ownerDesignName>
</ForeignKey>
</foreignKeys>
<primaryKeys>
<PrimaryKey class="oracle.dbtools.crest.model.design.storage.oracle.v10g.PKProxyOraclev10g" name="ID_COMMENT_PK" id="5C7B99B0-B391-E655-1D81-99C78A30E748">
<createdBy>IoanC</createdBy>
<createdTime>2023-12-20 18:25:06 UTC</createdTime>
<ownerDesignName>bdp</ownerDesignName>
<indexSort>SORTED</indexSort>
</PrimaryKey>
</primaryKeys>
</TableProxyOraclev12c>