<?xml version = '1.0' encoding = 'UTF-8'?>
<TableProxyOraclev12c class="oracle.dbtools.crest.model.design.storage.oracle.v12c.TableProxyOraclev12c" name="USER" directorySegmentName="seg_0" id="896FD7ED-DFFD-A0D0-617E-33D1A9ECA04A">
<createdBy>IoanC</createdBy>
<createdTime>2023-12-20 18:25:06 UTC</createdTime>
<ownerDesignName>bdp</ownerDesignName>
<logging>YES</logging>
<partitionedRowMovement>DISABLE</partitionedRowMovement>
<temporaryChanged>false</temporaryChanged>
<accessDriverType>oracle_loader</accessDriverType>
<rejectLimit></rejectLimit>
<columnProxies itemClass="oracle.dbtools.crest.model.design.storage.oracle.v12c.ColumnProxyOraclev12c">
<ColumnProxy name="ID_USER" id="22A4DAF5-A9D6-DABE-A359-3B216E45C747">
<createdBy>IoanC</createdBy>
<createdTime>2023-12-20 18:25:06 UTC</createdTime>
<ownerDesignName>bdp</ownerDesignName>
<autoIncrementDDL>IDENTITY_CLAUSE</autoIncrementDDL>
<notnullConstraintnameChanged>true</notnullConstraintnameChanged>
</ColumnProxy>
<ColumnProxy name="EMAIL" id="4702117B-2E9B-686A-B472-D8C869DD9787">
<createdBy>IoanC</createdBy>
<createdTime>2023-12-20 18:25:06 UTC</createdTime>
<ownerDesignName>bdp</ownerDesignName>
</ColumnProxy>
<ColumnProxy name="REGISTER_DATE" id="8C49E984-D3A2-F825-52E4-E23426F90C90">
<createdBy>IoanC</createdBy>
<createdTime>2023-12-20 18:25:06 UTC</createdTime>
<ownerDesignName>bdp</ownerDesignName>
</ColumnProxy>
<ColumnProxy name="LAST_LOGIN" id="BD06A977-F924-29B3-7113-B733910CCE8C">
<createdBy>IoanC</createdBy>
<createdTime>2023-12-20 18:25:06 UTC</createdTime>
<ownerDesignName>bdp</ownerDesignName>
</ColumnProxy>
<ColumnProxy name="PASSWORD" id="EF7C4FEE-AFAB-A3FB-7410-D221D210F84A">
<createdBy>IoanC</createdBy>
<createdTime>2023-12-20 18:25:06 UTC</createdTime>
<ownerDesignName>bdp</ownerDesignName>
</ColumnProxy>
<ColumnProxy name="NAME" id="F49D6387-C2B5-7C71-EC82-62DE9884E409">
<createdBy>IoanC</createdBy>
<createdTime>2023-12-20 18:25:06 UTC</createdTime>
<ownerDesignName>bdp</ownerDesignName>
</ColumnProxy>
</columnProxies>
<primaryKeys>
<PrimaryKey class="oracle.dbtools.crest.model.design.storage.oracle.v10g.PKProxyOraclev10g" name="ID_USER_PK" id="D86F0B60-26A8-3378-1680-90FD284ED5F4">
<createdBy>IoanC</createdBy>
<createdTime>2023-12-20 18:25:06 UTC</createdTime>
<ownerDesignName>bdp</ownerDesignName>
<indexSort>SORTED</indexSort>
</PrimaryKey>
</primaryKeys>
<uniqueKeys>
<UniqueKey class="oracle.dbtools.crest.model.design.storage.oracle.v10g.UniqueOraclev10g" name="EMAIL_UK" id="B47867E6-02F5-2B33-921F-2F97369866EF">
<createdBy>IoanC</createdBy>
<createdTime>2023-12-20 18:25:06 UTC</createdTime>
<ownerDesignName>bdp</ownerDesignName>
<indexSort>SORTED</indexSort>
</UniqueKey>
</uniqueKeys>
</TableProxyOraclev12c>