<?xml version = '1.0' encoding = 'UTF-8'?>
<TableProxyOraclev12c class="oracle.dbtools.crest.model.design.storage.oracle.v12c.TableProxyOraclev12c" name="POST_TAGS" directorySegmentName="seg_0" id="A5096FFD-5BC7-3739-4A5E-9CDD0954CE5A">
<createdBy>IoanC</createdBy>
<createdTime>2023-12-20 18:25:06 UTC</createdTime>
<ownerDesignName>bdp</ownerDesignName>
<logging>YES</logging>
<partitionedRowMovement>DISABLE</partitionedRowMovement>
<temporaryChanged>false</temporaryChanged>
<accessDriverType>oracle_loader</accessDriverType>
<rejectLimit></rejectLimit>
<columnProxies itemClass="oracle.dbtools.crest.model.design.storage.oracle.v12c.ColumnProxyOraclev12c">
<ColumnProxy name="ID_TAG" id="1A5A7047-C909-6B1A-4AC5-DF6A019965E3">
<createdBy>IoanC</createdBy>
<createdTime>2023-12-20 18:25:06 UTC</createdTime>
<ownerDesignName>bdp</ownerDesignName>
</ColumnProxy>
<ColumnProxy name="ID_POST" id="72A56D65-1001-0EBC-4622-C27DA3F8B2D1">
<createdBy>IoanC</createdBy>
<createdTime>2023-12-20 18:25:06 UTC</createdTime>
<ownerDesignName>bdp</ownerDesignName>
</ColumnProxy>
</columnProxies>
<foreignKeys>
<ForeignKey class="oracle.dbtools.crest.model.design.storage.oracle.v10g.FKProxyOraclev10g" name="TAGS_POST_TAGS" id="40604E90-BE7E-B196-4DCA-25607C92DD4B">
<createdBy>IoanC</createdBy>
<createdTime>2023-12-20 18:25:06 UTC</createdTime>
<ownerDesignName>bdp</ownerDesignName>
</ForeignKey>
<ForeignKey class="oracle.dbtools.crest.model.design.storage.oracle.v10g.FKProxyOraclev10g" name="POST_POST_TAGS" id="F7393BED-3078-B9FB-EDE8-361041D22F29">
<createdBy>IoanC</createdBy>
<createdTime>2023-12-20 18:25:06 UTC</createdTime>
<ownerDesignName>bdp</ownerDesignName>
</ForeignKey>
</foreignKeys>
<primaryKeys>
<PrimaryKey class="oracle.dbtools.crest.model.design.storage.oracle.v10g.PKProxyOraclev10g" name="POST_TAGS_PK" id="FA61E2AA-7E51-5624-8224-F93D412D7D8B">
<createdBy>IoanC</createdBy>
<createdTime>2023-12-20 18:25:06 UTC</createdTime>
<ownerDesignName>bdp</ownerDesignName>
<indexSort>SORTED</indexSort>
</PrimaryKey>
</primaryKeys>
</TableProxyOraclev12c>