<?xml version = '1.0' encoding = 'UTF-8'?>
<TableProxyOraclev12c class="oracle.dbtools.crest.model.design.storage.oracle.v12c.TableProxyOraclev12c" name="POST" directorySegmentName="seg_0" id="B355C1C7-6401-5F2D-B6AA-A2D47EB55443">
<createdBy>IoanC</createdBy>
<createdTime>2023-12-20 18:25:06 UTC</createdTime>
<ownerDesignName>bdp</ownerDesignName>
<logging>YES</logging>
<partitionedRowMovement>DISABLE</partitionedRowMovement>
<temporaryChanged>false</temporaryChanged>
<accessDriverType>oracle_loader</accessDriverType>
<rejectLimit></rejectLimit>
<columnProxies itemClass="oracle.dbtools.crest.model.design.storage.oracle.v12c.ColumnProxyOraclev12c">
<ColumnProxy name="POST_DATE" id="01FF2419-DEE5-78A8-9F7B-438324A129CD">
<createdBy>IoanC</createdBy>
<createdTime>2023-12-20 18:25:06 UTC</createdTime>
<ownerDesignName>bdp</ownerDesignName>
</ColumnProxy>
<ColumnProxy name="ID_CATEGORY" id="1288C3DF-1747-4290-6C7F-59C1E8A735A6">
<createdBy>IoanC</createdBy>
<createdTime>2023-12-20 18:25:06 UTC</createdTime>
<ownerDesignName>bdp</ownerDesignName>
</ColumnProxy>
<ColumnProxy name="TITLE" id="7F981B99-0998-2B55-E92A-9CD6B28A597D">
<createdBy>IoanC</createdBy>
<createdTime>2023-12-20 18:25:06 UTC</createdTime>
<ownerDesignName>bdp</ownerDesignName>
</ColumnProxy>
<ColumnProxy name="ID_POST" id="D4D3321F-E2E0-65CC-BADC-6422183A17F8">
<createdBy>IoanC</createdBy>
<createdTime>2023-12-20 18:25:06 UTC</createdTime>
<ownerDesignName>bdp</ownerDesignName>
<autoIncrementDDL>IDENTITY_CLAUSE</autoIncrementDDL>
</ColumnProxy>
<ColumnProxy name="CONTENT" id="D521A521-A1FB-391B-401B-9BA2801AD361">
<createdBy>IoanC</createdBy>
<createdTime>2023-12-20 18:25:06 UTC</createdTime>
<ownerDesignName>bdp</ownerDesignName>
</ColumnProxy>
<ColumnProxy name="ID_USER" id="D91A0D6C-3EEB-60A7-1643-5FBB05124B50">
<createdBy>IoanC</createdBy>
<createdTime>2023-12-20 18:25:06 UTC</createdTime>
<ownerDesignName>bdp</ownerDesignName>
</ColumnProxy>
</columnProxies>
<foreignKeys>
<ForeignKey class="oracle.dbtools.crest.model.design.storage.oracle.v10g.FKProxyOraclev10g" name="CATEGORY_POST_FK" id="04A9084A-03D0-C62E-3D6D-B3444A01AB23">
<createdBy>IoanC</createdBy>
<createdTime>2023-12-20 18:25:06 UTC</createdTime>
<ownerDesignName>bdp</ownerDesignName>
</ForeignKey>
<ForeignKey class="oracle.dbtools.crest.model.design.storage.oracle.v10g.FKProxyOraclev10g" name="USER_POST_FK" id="E1C39F18-CA4A-5744-EF8F-E90FD94D0CB4">
<createdBy>IoanC</createdBy>
<createdTime>2023-12-20 18:25:06 UTC</createdTime>
<ownerDesignName>bdp</ownerDesignName>
</ForeignKey>
</foreignKeys>
<primaryKeys>
<PrimaryKey class="oracle.dbtools.crest.model.design.storage.oracle.v10g.PKProxyOraclev10g" name="ID_POST_PK" id="DB3CB5D6-C15C-7559-96D6-9B05C6EA3F5E">
<createdBy>IoanC</createdBy>
<createdTime>2023-12-20 18:25:06 UTC</createdTime>
<ownerDesignName>bdp</ownerDesignName>
<indexSort>SORTED</indexSort>
</PrimaryKey>
</primaryKeys>
</TableProxyOraclev12c>